0/0/1/0,1104,0,0,0,lp,1679,2653,0.011446062,group 3,80,135.3193295
0/0/1/0,1104,1,0,0,mp,1829,2653,0.012468641,group 3,80,135.3193295
0/0/1/0,1104,2,0,0,up,1329,2653,0.009060046,group 3,80,135.3193295
0/0/1/0,1104,3,0,0,tp,1408,2653,0.009598604,group 3,80,135.3193295
0/0/1/0,1104,4,0,1,lp,1480,2653,0.010089442,group 3,80,135.3193295
0/0/1/0,1104,5,0,1,mp,1599,2653,0.010900687,group 3,80,135.3193295
0/0/1/0,1104,6,0,1,up,1192,2653,0.008126091,group 3,80,135.3193295
0/0/1/0,1104,7,0,1,tp,1255,2653,0.008555574,group 3,80,135.3193295
0/0/1/0,1104,8,0,2,lp,1105,2653,0.007532995,group 3,80,135.3193295
0/0/1/0,1104,9,0,2,mp,1455,2653,0.009919012,group 3,80,135.3193295
0/0/1/0,1104,10,0,2,up,939,2653,0.006401342,group 3,80,135.3193295
0/0/1/0,1104,11,0,2,tp,1229,2653,0.008378327,group 3,80,135.3193295
0/0/1/0,1104,12,0,3,lp,941,2653,0.006414976,group 3,80,135.3193295
0/0/1/0,1104,13,0,3,mp,1399,2653,0.009537249,group 3,80,135.3193295
0/0/1/0,1104,14,0,3,up,984,2653,0.006708115,group 3,80,135.3193295
0/0/1/0,1104,15,0,3,tp,1225,2653,0.008351058,group 3,80,135.3193295
0/0/1/0,1104,16,1,0,lp,1636,2653,0.011152923,group 3,80,135.3193295
0/0/1/0,1104,17,1,0,mp,1318,2653,0.008985057,group 3,80,135.3193295
0/0/1/0,1104,18,1,0,up,1330,2653,0.009066863,group 3,80,135.3193295
0/0/1/0,1104,19,1,0,tp,1107,2653,0.00754663,group 3,80,135.3193295
0/0/1/0,1104,20,1,1,lp,1447,2653,0.009864474,group 3,80,135.3193295
0/0/1/0,1104,21,1,1,mp,1230,2653,0.008385144,group 3,80,135.3193295
0/0/1/0,1104,22,1,1,up,1276,2653,0.008698735,group 3,80,135.3193295
0/0/1/0,1104,23,1,1,tp,975,2653,0.00664676,group 3,80,135.3193295
0/0/1/0,1104,24,1,2,lp,1263,2653,0.008610111,group 3,80,135.3193295
0/0/1/0,1104,25,1,2,mp,1166,2653,0.007948844,group 3,80,135.3193295
0/0/1/0,1104,26,1,2,up,1120,2653,0.007635253,group 3,80,135.3193295
0/0/1/0,1104,27,1,2,tp,995,2653,0.006783104,group 3,80,135.3193295
0/0/1/0,1104,28,1,3,lp,1122,2653,0.007648887,group 3,80,135.3193295
0/0/1/0,1104,29,1,3,mp,1048,2653,0.007144415,group 3,80,135.3193295
0/0/1/0,1104,30,1,3,up,1049,2653,0.007151233,group 3,80,135.3193295
0/0/1/0,1104,31,1,3,tp,1058,2653,0.007212587,group 3,80,135.3193295
0/0/1/0,1104,32,2,0,lp,1513,2653,0.010314409,group 3,80,135.3193295
0/0/1/0,1104,33,2,0,mp,1004,2653,0.006844459,group 3,80,135.3193295
0/0/1/0,1104,34,2,0,up,1294,2653,0.008821444,group 3,80,135.3193295
0/0/1/0,1104,35,2,0,tp,945,2653,0.006442245,group 3,80,135.3193295
0/0/1/0,1104,36,2,1,lp,1307,2653,0.008910068,group 3,80,135.3193295
0/0/1/0,1104,37,2,1,mp,887,2653,0.006046848,group 3,80,135.3193295
0/0/1/0,1104,38,2,1,up,1289,2653,0.008787358,group 3,80,135.3193295
0/0/1/0,1104,39,2,1,tp,955,2653,0.006510417,group 3,80,135.3193295
0/0/1/0,1104,40,2,2,lp,1070,2653,0.007294394,group 3,80,135.3193295
0/0/1/0,1104,41,2,2,mp,860,2653,0.005862784,group 3,80,135.3193295
0/0/1/0,1104,42,2,2,up,1117,2653,0.007614801,group 3,80,135.3193295
0/0/1/0,1104,43,2,2,tp,930,2653,0.006339987,group 3,80,135.3193295
0/0/1/0,1104,44,2,3,lp,1047,2653,0.007137598,group 3,80,135.3193295
0/0/1/0,1104,45,2,3,mp,817,2653,0.005569644,group 3,80,135.3193295
0/0/1/0,1104,46,2,3,up,1053,2653,0.007178501,group 3,80,135.3193295
0/0/1/0,1104,47,2,3,tp,916,2653,0.006244546,group 3,80,135.3193295
0/0/1/0,1104,48,3,0,lp,1364,2653,0.009298647,group 3,80,135.3193295
0/0/1/0,1104,49,3,0,mp,1152,2653,0.007853403,group 3,80,135.3193295
0/0/1/0,1104,50,3,0,up,1165,2653,0.007942027,group 3,80,135.3193295
0/0/1/0,1104,51,3,0,tp,958,2653,0.006530868,group 3,80,135.3193295
0/0/1/0,1104,52,3,1,lp,1164,2653,0.007935209,group 3,80,135.3193295
0/0/1/0,1104,53,3,1,mp,1029,2653,0.007014889,group 3,80,135.3193295
0/0/1/0,1104,54,3,1,up,1101,2653,0.007505726,group 3,80,135.3193295
0/0/1/0,1104,55,3,1,tp,906,2653,0.006176374,group 3,80,135.3193295
0/0/1/0,1104,56,3,2,lp,1044,2653,0.007117147,group 3,80,135.3193295
0/0/1/0,1104,57,3,2,mp,1040,2653,0.007089878,group 3,80,135.3193295
0/0/1/0,1104,58,3,2,up,1057,2653,0.00720577,group 3,80,135.3193295
0/0/1/0,1104,59,3,2,tp,948,2653,0.006462696,group 3,80,135.3193295
0/0/1/0,1104,60,3,3,lp,975,2653,0.00664676,group 3,80,135.3193295
0/0/1/0,1104,61,3,3,mp,984,2653,0.006708115,group 3,80,135.3193295
0/0/1/0,1104,62,3,3,up,1055,2653,0.007192136,group 3,80,135.3193295
0/0/1/0,1104,63,3,3,tp,884,2653,0.006026396,group 3,80,135.3193295
0/0/1/0,1104,64,4,0,lp,1292,2653,0.00880781,group 3,80,135.3193295
0/0/1/0,1104,65,4,0,mp,927,2653,0.006319535,group 3,80,135.3193295
0/0/1/0,1104,66,4,0,up,1093,2653,0.007451189,group 3,80,135.3193295
0/0/1/0,1104,67,4,0,tp,986,2653,0.00672175,group 3,80,135.3193295
0/0/1/0,1104,68,4,1,lp,1220,2653,0.008316972,group 3,80,135.3193295
0/0/1/0,1104,69,4,1,mp,835,2653,0.005692354,group 3,80,135.3193295
0/0/1/0,1104,70,4,1,up,1053,2653,0.007178501,group 3,80,135.3193295
0/0/1/0,1104,71,4,1,tp,985,2653,0.006714932,group 3,80,135.3193295
0/0/1/0,1104,72,4,2,lp,1015,2653,0.006919448,group 3,80,135.3193295
0/0/1/0,1104,73,4,2,mp,939,2653,0.006401342,group 3,80,135.3193295
0/0/1/0,1104,74,4,2,up,982,2653,0.006694481,group 3,80,135.3193295
0/0/1/0,1104,75,4,2,tp,940,2653,0.006408159,group 3,80,135.3193295
0/0/1/0,1104,76,4,3,lp,968,2653,0.00659904,group 3,80,135.3193295
0/0/1/0,1104,77,4,3,mp,883,2653,0.006019579,group 3,80,135.3193295
0/0/1/0,1104,78,4,3,up,915,2653,0.006237729,group 3,80,135.3193295
0/0/1/0,1104,79,4,3,tp,892,2653,0.006080934,group 3,80,135.3193295
0/0/1/0,1104,80,5,0,lp,1162,2653,0.007921575,group 3,80,135.3193295
0/0/1/0,1104,81,5,0,mp,945,2653,0.006442245,group 3,80,135.3193295
0/0/1/0,1104,82,5,0,up,1031,2653,0.007028523,group 3,80,135.3193295
0/0/1/0,1104,83,5,0,tp,990,2653,0.006749018,group 3,80,135.3193295
0/0/1/0,1104,84,5,1,lp,1089,2653,0.00742392,group 3,80,135.3193295
0/0/1/0,1104,85,5,1,mp,907,2653,0.006183192,group 3,80,135.3193295
0/0/1/0,1104,86,5,1,up,1006,2653,0.006858093,group 3,80,135.3193295
0/0/1/0,1104,87,5,1,tp,927,2653,0.006319535,group 3,80,135.3193295
0/0/1/0,1104,88,5,2,lp,913,2653,0.006224095,group 3,80,135.3193295
0/0/1/0,1104,89,5,2,mp,884,2653,0.006026396,group 3,80,135.3193295
0/0/1/0,1104,90,5,2,up,928,2653,0.006326353,group 3,80,135.3193295
0/0/1/0,1104,91,5,2,tp,937,2653,0.006387707,group 3,80,135.3193295
0/0/1/0,1104,92,5,3,lp,884,2653,0.006026396,group 3,80,135.3193295
0/0/1/0,1104,93,5,3,mp,816,2653,0.005562827,group 3,80,135.3193295
0/0/1/0,1104,94,5,3,up,862,2653,0.005876418,group 3,80,135.3193295
0/0/1/0,1104,95,5,3,tp,892,2653,0.006080934,group 3,80,135.3193295
0/0/1/0,1104,96,6,0,lp,1211,2653,0.008255617,group 3,80,135.3193295
0/0/1/0,1104,97,6,0,mp,942,2653,0.006421793,group 3,80,135.3193295
0/0/1/0,1104,98,6,0,up,951,2653,0.006483148,group 3,80,135.3193295
0/0/1/0,1104,99,6,0,tp,968,2653,0.00659904,group 3,80,135.3193295
0/0/1/0,1104,100,6,1,lp,1181,2653,0.008051102,group 3,80,135.3193295
0/0/1/0,1104,101,6,1,mp,919,2653,0.006264998,group 3,80,135.3193295
0/0/1/0,1104,102,6,1,up,949,2653,0.006469514,group 3,80,135.3193295
0/0/1/0,1104,103,6,1,tp,948,2653,0.006462696,group 3,80,135.3193295
0/0/1/0,1104,104,6,2,lp,925,2653,0.006305901,group 3,80,135.3193295
0/0/1/0,1104,105,6,2,mp,852,2653,0.005808246,group 3,80,135.3193295
0/0/1/0,1104,106,6,2,up,910,2653,0.006203643,group 3,80,135.3193295
0/0/1/0,1104,107,6,2,tp,868,2653,0.005917321,group 3,80,135.3193295
0/0/1/0,1104,108,6,3,lp,929,2653,0.00633317,group 3,80,135.3193295
0/0/1/0,1104,109,6,3,mp,836,2653,0.005699171,group 3,80,135.3193295
0/0/1/0,1104,110,6,3,up,827,2653,0.005637816,group 3,80,135.3193295
0/0/1/0,1104,111,6,3,tp,851,2653,0.005801429,group 3,80,135.3193295
0/0/1/0,1104,112,7,0,lp,1173,2653,0.007996564,group 3,80,135.3193295
0/0/1/0,1104,113,7,0,mp,893,2653,0.006087751,group 3,80,135.3193295
0/0/1/0,1104,114,7,0,up,1017,2653,0.006933082,group 3,80,135.3193295
0/0/1/0,1104,115,7,0,tp,963,2653,0.006564954,group 3,80,135.3193295
0/0/1/0,1104,116,7,1,lp,1169,2653,0.007969295,group 3,80,135.3193295
0/0/1/0,1104,117,7,1,mp,892,2653,0.006080934,group 3,80,135.3193295
0/0/1/0,1104,118,7,1,up,1005,2653,0.006851276,group 3,80,135.3193295
0/0/1/0,1104,119,7,1,tp,960,2653,0.006544503,group 3,80,135.3193295
0/0/1/0,1104,120,7,2,lp,875,2653,0.005965041,group 3,80,135.3193295
0/0/1/0,1104,121,7,2,mp,843,2653,0.005746891,group 3,80,135.3193295
0/0/1/0,1104,122,7,2,up,871,2653,0.005937773,group 3,80,135.3193295
0/0/1/0,1104,123,7,2,tp,868,2653,0.005917321,group 3,80,135.3193295
0/0/1/0,1104,124,7,3,lp,826,2653,0.005630999,group 3,80,135.3193295
0/0/1/0,1104,125,7,3,mp,775,2653,0.005283322,group 3,80,135.3193295
0/0/1/0,1104,126,7,3,up,874,2653,0.005958224,group 3,80,135.3193295
0/0/1/0,1104,127,7,3,tp,913,2653,0.006224095,group 3,80,135.3193295
0/0/1/0,1104,128,8,0,lp,1075,2653,0.007328479,group 3,80,135.3193295
0/0/1/0,1104,129,8,0,mp,1135,2653,0.007737511,group 3,80,135.3193295
0/0/1/0,1104,130,8,0,up,1195,2653,0.008146542,group 3,80,135.3193295
0/0/1/0,1104,131,8,0,tp,957,2653,0.006524051,group 3,80,135.3193295
0/0/1/0,1104,132,8,1,lp,1041,2653,0.007096695,group 3,80,135.3193295
0/0/1/0,1104,133,8,1,mp,1096,2653,0.00747164,group 3,80,135.3193295
0/0/1/0,1104,134,8,1,up,1107,2653,0.00754663,group 3,80,135.3193295
0/0/1/0,1104,135,8,1,tp,917,2653,0.006251363,group 3,80,135.3193295
0/0/1/0,1104,136,8,2,lp,868,2653,0.005917321,group 3,80,135.3193295
0/0/1/0,1104,137,8,2,mp,1016,2653,0.006926265,group 3,80,135.3193295
0/0/1/0,1104,138,8,2,up,949,2653,0.006469514,group 3,80,135.3193295
0/0/1/0,1104,139,8,2,tp,899,2653,0.006128654,group 3,80,135.3193295
0/0/1/0,1104,140,8,3,lp,805,2653,0.005487838,group 3,80,135.3193295
0/0/1/0,1104,141,8,3,mp,1083,2653,0.007383017,group 3,80,135.3193295
0/0/1/0,1104,142,8,3,up,1010,2653,0.006885362,group 3,80,135.3193295
0/0/1/0,1104,143,8,3,tp,871,2653,0.005937773,group 3,80,135.3193295
0/0/1/0,1104,144,9,0,lp,1136,2653,0.007744328,group 3,80,135.3193295
0/0/1/0,1104,145,9,0,mp,839,2653,0.005719623,group 3,80,135.3193295
0/0/1/0,1104,146,9,0,up,1032,2653,0.00703534,group 3,80,135.3193295
0/0/1/0,1104,147,9,0,tp,887,2653,0.006046848,group 3,80,135.3193295
0/0/1/0,1104,148,9,1,lp,1158,2653,0.007894306,group 3,80,135.3193295
0/0/1/0,1104,149,9,1,mp,876,2653,0.005971859,group 3,80,135.3193295
0/0/1/0,1104,150,9,1,up,1018,2653,0.0069399,group 3,80,135.3193295
0/0/1/0,1104,151,9,1,tp,920,2653,0.006271815,group 3,80,135.3193295
0/0/1/0,1104,152,9,2,lp,931,2653,0.006346804,group 3,80,135.3193295
0/0/1/0,1104,153,9,2,mp,804,2653,0.005481021,group 3,80,135.3193295
0/0/1/0,1104,154,9,2,up,947,2653,0.006455879,group 3,80,135.3193295
0/0/1/0,1104,155,9,2,tp,923,2653,0.006292267,group 3,80,135.3193295
0/0/1/0,1104,156,9,3,lp,902,2653,0.006149106,group 3,80,135.3193295
0/0/1/0,1104,157,9,3,mp,815,2653,0.00555601,group 3,80,135.3193295
0/0/1/0,1104,158,9,3,up,910,2653,0.006203643,group 3,80,135.3193295
0/0/1/0,1104,159,9,3,tp,890,2653,0.006067299,group 3,80,135.3193295
0/0/1/0,1104,160,10,0,lp,960,2653,0.006544503,group 3,80,135.3193295
0/0/1/0,1104,161,10,0,mp,853,2653,0.005815063,group 3,80,135.3193295
0/0/1/0,1104,162,10,0,up,949,2653,0.006469514,group 3,80,135.3193295
0/0/1/0,1104,163,10,0,tp,902,2653,0.006149106,group 3,80,135.3193295
0/0/1/0,1104,164,10,1,lp,1002,2653,0.006830825,group 3,80,135.3193295
0/0/1/0,1104,165,10,1,mp,771,2653,0.005256054,group 3,80,135.3193295
0/0/1/0,1104,166,10,1,up,957,2653,0.006524051,group 3,80,135.3193295
0/0/1/0,1104,167,10,1,tp,916,2653,0.006244546,group 3,80,135.3193295
0/0/1/0,1104,168,10,2,lp,848,2653,0.005780977,group 3,80,135.3193295
0/0/1/0,1104,169,10,2,mp,799,2653,0.005446935,group 3,80,135.3193295
0/0/1/0,1104,170,10,2,up,849,2653,0.005787795,group 3,80,135.3193295
0/0/1/0,1104,171,10,2,tp,857,2653,0.005842332,group 3,80,135.3193295
0/0/1/0,1104,172,10,3,lp,847,2653,0.00577416,group 3,80,135.3193295
0/0/1/0,1104,173,10,3,mp,699,2653,0.004765216,group 3,80,135.3193295
0/0/1/0,1104,174,10,3,up,886,2653,0.006040031,group 3,80,135.3193295
0/0/1/0,1104,175,10,3,tp,943,2653,0.00642861,group 3,80,135.3193295
0/0/1/0,1104,176,11,0,lp,902,2653,0.006149106,group 3,80,135.3193295
0/0/1/0,1104,177,11,0,mp,781,2653,0.005324226,group 3,80,135.3193295
0/0/1/0,1104,178,11,0,up,917,2653,0.006251363,group 3,80,135.3193295
0/0/1/0,1104,179,11,0,tp,836,2653,0.005699171,group 3,80,135.3193295
0/0/1/0,1104,180,11,1,lp,927,2653,0.006319535,group 3,80,135.3193295
0/0/1/0,1104,181,11,1,mp,739,2653,0.005037904,group 3,80,135.3193295
0/0/1/0,1104,182,11,1,up,816,2653,0.005562827,group 3,80,135.3193295
0/0/1/0,1104,183,11,1,tp,748,2653,0.005099258,group 3,80,135.3193295
0/0/1/0,1104,184,11,2,lp,835,2653,0.005692354,group 3,80,135.3193295
0/0/1/0,1104,185,11,2,mp,756,2653,0.005153796,group 3,80,135.3193295
0/0/1/0,1104,186,11,2,up,843,2653,0.005746891,group 3,80,135.3193295
0/0/1/0,1104,187,11,2,tp,810,2653,0.005521924,group 3,80,135.3193295
0/0/1/0,1104,188,11,3,lp,777,2653,0.005296957,group 3,80,135.3193295
0/0/1/0,1104,189,11,3,mp,752,2653,0.005126527,group 3,80,135.3193295
0/0/1/0,1104,190,11,3,up,852,2653,0.005808246,group 3,80,135.3193295
0/0/1/0,1104,191,11,3,tp,835,2653,0.005692354,group 3,80,135.3193295
0/0/1/0,1104,192,12,0,lp,905,2653,0.006169557,group 3,80,135.3193295
0/0/1/0,1104,193,12,0,mp,807,2653,0.005501473,group 3,80,135.3193295
0/0/1/0,1104,194,12,0,up,942,2653,0.006421793,group 3,80,135.3193295
0/0/1/0,1104,195,12,0,tp,868,2653,0.005917321,group 3,80,135.3193295
0/0/1/0,1104,196,12,1,lp,886,2653,0.006040031,group 3,80,135.3193295
0/0/1/0,1104,197,12,1,mp,791,2653,0.005392397,group 3,80,135.3193295
0/0/1/0,1104,198,12,1,up,934,2653,0.006367256,group 3,80,135.3193295
0/0/1/0,1104,199,12,1,tp,782,2653,0.005331043,group 3,80,135.3193295
0/0/1/0,1104,200,12,2,lp,755,2653,0.005146979,group 3,80,135.3193295
0/0/1/0,1104,201,12,2,mp,766,2653,0.005221968,group 3,80,135.3193295
0/0/1/0,1104,202,12,2,up,834,2653,0.005685537,group 3,80,135.3193295
0/0/1/0,1104,203,12,2,tp,868,2653,0.005917321,group 3,80,135.3193295
0/0/1/0,1104,204,12,3,lp,763,2653,0.005201516,group 3,80,135.3193295
0/0/1/0,1104,205,12,3,mp,786,2653,0.005358312,group 3,80,135.3193295
0/0/1/0,1104,206,12,3,up,843,2653,0.005746891,group 3,80,135.3193295
0/0/1/0,1104,207,12,3,tp,847,2653,0.00577416,group 3,80,135.3193295
0/0/1/0,1104,208,13,0,lp,938,2653,0.006394524,group 3,80,135.3193295
0/0/1/0,1104,209,13,0,mp,867,2653,0.005910504,group 3,80,135.3193295
0/0/1/0,1104,210,13,0,up,846,2653,0.005767343,group 3,80,135.3193295
0/0/1/0,1104,211,13,0,tp,861,2653,0.005869601,group 3,80,135.3193295
0/0/1/0,1104,212,13,1,lp,906,2653,0.006176374,group 3,80,135.3193295
0/0/1/0,1104,213,13,1,mp,764,2653,0.005208333,group 3,80,135.3193295
0/0/1/0,1104,214,13,1,up,839,2653,0.005719623,group 3,80,135.3193295
0/0/1/0,1104,215,13,1,tp,922,2653,0.006285449,group 3,80,135.3193295
0/0/1/0,1104,216,13,2,lp,726,2653,0.00494928,group 3,80,135.3193295
0/0/1/0,1104,217,13,2,mp,790,2653,0.00538558,group 3,80,135.3193295
0/0/1/0,1104,218,13,2,up,790,2653,0.00538558,group 3,80,135.3193295
0/0/1/0,1104,219,13,2,tp,904,2653,0.00616274,group 3,80,135.3193295
0/0/1/0,1104,220,13,3,lp,740,2653,0.005044721,group 3,80,135.3193295
0/0/1/0,1104,221,13,3,mp,751,2653,0.00511971,group 3,80,135.3193295
0/0/1/0,1104,222,13,3,up,795,2653,0.005419666,group 3,80,135.3193295
0/0/1/0,1104,223,13,3,tp,869,2653,0.005924138,group 3,80,135.3193295
0/0/1/0,1104,224,14,0,lp,940,2653,0.006408159,group 3,80,135.3193295
0/0/1/0,1104,225,14,0,mp,747,2653,0.005092441,group 3,80,135.3193295
0/0/1/0,1104,226,14,0,up,869,2653,0.005924138,group 3,80,135.3193295
0/0/1/0,1104,227,14,0,tp,845,2653,0.005760526,group 3,80,135.3193295
0/0/1/0,1104,228,14,1,lp,858,2653,0.005849149,group 3,80,135.3193295
0/0/1/0,1104,229,14,1,mp,769,2653,0.005242419,group 3,80,135.3193295
0/0/1/0,1104,230,14,1,up,829,2653,0.005651451,group 3,80,135.3193295
0/0/1/0,1104,231,14,1,tp,848,2653,0.005780977,group 3,80,135.3193295
0/0/1/0,1104,232,14,2,lp,740,2653,0.005044721,group 3,80,135.3193295
0/0/1/0,1104,233,14,2,mp,771,2653,0.005256054,group 3,80,135.3193295
0/0/1/0,1104,234,14,2,up,830,2653,0.005658268,group 3,80,135.3193295
0/0/1/0,1104,235,14,2,tp,888,2653,0.006053665,group 3,80,135.3193295
0/0/1/0,1104,236,14,3,lp,731,2653,0.004983366,group 3,80,135.3193295
0/0/1/0,1104,237,14,3,mp,767,2653,0.005228785,group 3,80,135.3193295
0/0/1/0,1104,238,14,3,up,856,2653,0.005835515,group 3,80,135.3193295
0/0/1/0,1104,239,14,3,tp,876,2653,0.005971859,group 3,80,135.3193295
0/0/1/0,1104,240,15,0,lp,964,2653,0.006571771,group 3,80,135.3193295
0/0/1/0,1104,241,15,0,mp,735,2653,0.005010635,group 3,80,135.3193295
0/0/1/0,1104,242,15,0,up,832,2653,0.005671902,group 3,80,135.3193295
0/0/1/0,1104,243,15,0,tp,873,2653,0.005951407,group 3,80,135.3193295
0/0/1/0,1104,244,15,1,lp,978,2653,0.006667212,group 3,80,135.3193295
0/0/1/0,1104,245,15,1,mp,698,2653,0.004758399,group 3,80,135.3193295
0/0/1/0,1104,246,15,1,up,887,2653,0.006046848,group 3,80,135.3193295
0/0/1/0,1104,247,15,1,tp,835,2653,0.005692354,group 3,80,135.3193295
0/0/1/0,1104,248,15,2,lp,818,2653,0.005576462,group 3,80,135.3193295
0/0/1/0,1104,249,15,2,mp,663,2653,0.004519797,group 3,80,135.3193295
0/0/1/0,1104,250,15,2,up,765,2653,0.005215151,group 3,80,135.3193295
0/0/1/0,1104,251,15,2,tp,774,2653,0.005276505,group 3,80,135.3193295
0/0/1/0,1104,252,15,3,lp,787,2653,0.005365129,group 3,80,135.3193295
0/0/1/0,1104,253,15,3,mp,745,2653,0.005078807,group 3,80,135.3193295
0/0/1/0,1104,254,15,3,up,789,2653,0.005378763,group 3,80,135.3193295
0/0/1/0,1104,255,15,3,tp,808,2653,0.00550829,group 3,80,135.3193295
0/0/1/0,1104,256,16,0,lp,920,2653,0.006271815,group 3,80,135.3193295
0/0/1/0,1104,257,16,0,mp,800,2653,0.005453752,group 3,80,135.3193295
0/0/1/0,1104,258,16,0,up,837,2653,0.005705988,group 3,80,135.3193295
0/0/1/0,1104,259,16,0,tp,881,2653,0.006005945,group 3,80,135.3193295
0/0/1/0,1104,260,16,1,lp,900,2653,0.006135471,group 3,80,135.3193295
0/0/1/0,1104,261,16,1,mp,767,2653,0.005228785,group 3,80,135.3193295
0/0/1/0,1104,262,16,1,up,813,2653,0.005542376,group 3,80,135.3193295
0/0/1/0,1104,263,16,1,tp,866,2653,0.005903687,group 3,80,135.3193295
0/0/1/0,1104,264,16,2,lp,686,2653,0.004676592,group 3,80,135.3193295
0/0/1/0,1104,265,16,2,mp,675,2653,0.004601603,group 3,80,135.3193295
0/0/1/0,1104,266,16,2,up,779,2653,0.005310591,group 3,80,135.3193295
0/0/1/0,1104,267,16,2,tp,853,2653,0.005815063,group 3,80,135.3193295
0/0/1/0,1104,268,16,3,lp,738,2653,0.005031086,group 3,80,135.3193295
0/0/1/0,1104,269,16,3,mp,778,2653,0.005303774,group 3,80,135.3193295
0/0/1/0,1104,270,16,3,up,825,2653,0.005624182,group 3,80,135.3193295
0/0/1/0,1104,271,16,3,tp,849,2653,0.005787795,group 3,80,135.3193295
0/0/1/0,1104,272,17,0,lp,813,2653,0.005542376,group 3,80,135.3193295
0/0/1/0,1104,273,17,0,mp,714,2653,0.004867474,group 3,80,135.3193295
0/0/1/0,1104,274,17,0,up,839,2653,0.005719623,group 3,80,135.3193295
0/0/1/0,1104,275,17,0,tp,853,2653,0.005815063,group 3,80,135.3193295
0/0/1/0,1104,276,17,1,lp,841,2653,0.005733257,group 3,80,135.3193295
0/0/1/0,1104,277,17,1,mp,787,2653,0.005365129,group 3,80,135.3193295
0/0/1/0,1104,278,17,1,up,748,2653,0.005099258,group 3,80,135.3193295
0/0/1/0,1104,279,17,1,tp,871,2653,0.005937773,group 3,80,135.3193295
0/0/1/0,1104,280,17,2,lp,719,2653,0.00490156,group 3,80,135.3193295
0/0/1/0,1104,281,17,2,mp,731,2653,0.004983366,group 3,80,135.3193295
0/0/1/0,1104,282,17,2,up,811,2653,0.005528741,group 3,80,135.3193295
0/0/1/0,1104,283,17,2,tp,892,2653,0.006080934,group 3,80,135.3193295
0/0/1/0,1104,284,17,3,lp,741,2653,0.005051538,group 3,80,135.3193295
0/0/1/0,1104,285,17,3,mp,682,2653,0.004649324,group 3,80,135.3193295
0/0/1/0,1104,286,17,3,up,786,2653,0.005358312,group 3,80,135.3193295
0/0/1/0,1104,287,17,3,tp,893,2653,0.006087751,group 3,80,135.3193295
0/0/1/0,1104,288,18,0,lp,928,2653,0.006326353,group 3,80,135.3193295
0/0/1/0,1104,289,18,0,mp,823,2653,0.005610548,group 3,80,135.3193295
0/0/1/0,1104,290,18,0,up,907,2653,0.006183192,group 3,80,135.3193295
0/0/1/0,1104,291,18,0,tp,900,2653,0.006135471,group 3,80,135.3193295
0/0/1/0,1104,292,18,1,lp,832,2653,0.005671902,group 3,80,135.3193295
0/0/1/0,1104,293,18,1,mp,827,2653,0.005637816,group 3,80,135.3193295
0/0/1/0,1104,294,18,1,up,869,2653,0.005924138,group 3,80,135.3193295
0/0/1/0,1104,295,18,1,tp,828,2653,0.005644634,group 3,80,135.3193295
0/0/1/0,1104,296,18,2,lp,679,2653,0.004628872,group 3,80,135.3193295
0/0/1/0,1104,297,18,2,mp,782,2653,0.005331043,group 3,80,135.3193295
0/0/1/0,1104,298,18,2,up,786,2653,0.005358312,group 3,80,135.3193295
0/0/1/0,1104,299,18,2,tp,882,2653,0.006012762,group 3,80,135.3193295
0/0/1/0,1104,300,18,3,lp,709,2653,0.004833388,group 3,80,135.3193295
0/0/1/0,1104,301,18,3,mp,793,2653,0.005406032,group 3,80,135.3193295
0/0/1/0,1104,302,18,3,up,816,2653,0.005562827,group 3,80,135.3193295
0/0/1/0,1104,303,18,3,tp,863,2653,0.005883235,group 3,80,135.3193295
0/0/1/0,1104,304,19,0,lp,851,2653,0.005801429,group 3,80,135.3193295
0/0/1/0,1104,305,19,0,mp,832,2653,0.005671902,group 3,80,135.3193295
0/0/1/0,1104,306,19,0,up,766,2653,0.005221968,group 3,80,135.3193295
0/0/1/0,1104,307,19,0,tp,859,2653,0.005855966,group 3,80,135.3193295
0/0/1/0,1104,308,19,1,lp,742,2653,0.005058355,group 3,80,135.3193295
0/0/1/0,1104,309,19,1,mp,823,2653,0.005610548,group 3,80,135.3193295
0/0/1/0,1104,310,19,1,up,790,2653,0.00538558,group 3,80,135.3193295
0/0/1/0,1104,311,19,1,tp,859,2653,0.005855966,group 3,80,135.3193295
0/0/1/0,1104,312,19,2,lp,714,2653,0.004867474,group 3,80,135.3193295
0/0/1/0,1104,313,19,2,mp,777,2653,0.005296957,group 3,80,135.3193295
0/0/1/0,1104,314,19,2,up,771,2653,0.005256054,group 3,80,135.3193295
0/0/1/0,1104,315,19,2,tp,844,2653,0.005753709,group 3,80,135.3193295
0/0/1/0,1104,316,19,3,lp,745,2653,0.005078807,group 3,80,135.3193295
0/0/1/0,1104,317,19,3,mp,770,2653,0.005249236,group 3,80,135.3193295
0/0/1/0,1104,318,19,3,up,718,2653,0.004894743,group 3,80,135.3193295
0/0/1/0,1104,319,19,3,tp,872,2653,0.00594459,group 3,80,135.3193295
0/0/1/0,1104,320,20,0,lp,869,2653,0.005924138,group 3,80,135.3193295
0/0/1/0,1104,321,20,0,mp,762,2653,0.005194699,group 3,80,135.3193295
0/0/1/0,1104,322,20,0,up,818,2653,0.005576462,group 3,80,135.3193295
0/0/1/0,1104,323,20,0,tp,775,2653,0.005283322,group 3,80,135.3193295
0/0/1/0,1104,324,20,1,lp,856,2653,0.005835515,group 3,80,135.3193295
0/0/1/0,1104,325,20,1,mp,761,2653,0.005187882,group 3,80,135.3193295
0/0/1/0,1104,326,20,1,up,805,2653,0.005487838,group 3,80,135.3193295
0/0/1/0,1104,327,20,1,tp,760,2653,0.005181065,group 3,80,135.3193295
0/0/1/0,1104,328,20,2,lp,721,2653,0.004915194,group 3,80,135.3193295
0/0/1/0,1104,329,20,2,mp,752,2653,0.005126527,group 3,80,135.3193295
0/0/1/0,1104,330,20,2,up,778,2653,0.005303774,group 3,80,135.3193295
0/0/1/0,1104,331,20,2,tp,761,2653,0.005187882,group 3,80,135.3193295
0/0/1/0,1104,332,20,3,lp,744,2653,0.00507199,group 3,80,135.3193295
0/0/1/0,1104,333,20,3,mp,723,2653,0.004928829,group 3,80,135.3193295
0/0/1/0,1104,334,20,3,up,721,2653,0.004915194,group 3,80,135.3193295
0/0/1/0,1104,335,20,3,tp,762,2653,0.005194699,group 3,80,135.3193295
0/0/1/0,1104,336,21,0,lp,871,2653,0.005937773,group 3,80,135.3193295
0/0/1/0,1104,337,21,0,mp,760,2653,0.005181065,group 3,80,135.3193295
0/0/1/0,1104,338,21,0,up,782,2653,0.005331043,group 3,80,135.3193295
0/0/1/0,1104,339,21,0,tp,950,2653,0.006476331,group 3,80,135.3193295
0/0/1/0,1104,340,21,1,lp,818,2653,0.005576462,group 3,80,135.3193295
0/0/1/0,1104,341,21,1,mp,738,2653,0.005031086,group 3,80,135.3193295
0/0/1/0,1104,342,21,1,up,746,2653,0.005085624,group 3,80,135.3193295
0/0/1/0,1104,343,21,1,tp,946,2653,0.006449062,group 3,80,135.3193295
0/0/1/0,1104,344,21,2,lp,683,2653,0.004656141,group 3,80,135.3193295
0/0/1/0,1104,345,21,2,mp,746,2653,0.005085624,group 3,80,135.3193295
0/0/1/0,1104,346,21,2,up,698,2653,0.004758399,group 3,80,135.3193295
0/0/1/0,1104,347,21,2,tp,926,2653,0.006312718,group 3,80,135.3193295
0/0/1/0,1104,348,21,3,lp,729,2653,0.004969732,group 3,80,135.3193295
0/0/1/0,1104,349,21,3,mp,763,2653,0.005201516,group 3,80,135.3193295
0/0/1/0,1104,350,21,3,up,707,2653,0.004819753,group 3,80,135.3193295
0/0/1/0,1104,351,21,3,tp,870,2653,0.005930955,group 3,80,135.3193295
0/0/1/0,1104,352,22,0,lp,843,2653,0.005746891,group 3,80,135.3193295
0/0/1/0,1104,353,22,0,mp,866,2653,0.005903687,group 3,80,135.3193295
0/0/1/0,1104,354,22,0,up,771,2653,0.005256054,group 3,80,135.3193295
0/0/1/0,1104,355,22,0,tp,909,2653,0.006196826,group 3,80,135.3193295
0/0/1/0,1104,356,22,1,lp,790,2653,0.00538558,group 3,80,135.3193295
0/0/1/0,1104,357,22,1,mp,785,2653,0.005351494,group 3,80,135.3193295
0/0/1/0,1104,358,22,1,up,773,2653,0.005269688,group 3,80,135.3193295
0/0/1/0,1104,359,22,1,tp,925,2653,0.006305901,group 3,80,135.3193295
0/0/1/0,1104,360,22,2,lp,705,2653,0.004806119,group 3,80,135.3193295
0/0/1/0,1104,361,22,2,mp,690,2653,0.004703861,group 3,80,135.3193295
0/0/1/0,1104,362,22,2,up,707,2653,0.004819753,group 3,80,135.3193295
0/0/1/0,1104,363,22,2,tp,818,2653,0.005576462,group 3,80,135.3193295
0/0/1/0,1104,364,22,3,lp,731,2653,0.004983366,group 3,80,135.3193295
0/0/1/0,1104,365,22,3,mp,736,2653,0.005017452,group 3,80,135.3193295
0/0/1/0,1104,366,22,3,up,729,2653,0.004969732,group 3,80,135.3193295
0/0/1/0,1104,367,22,3,tp,807,2653,0.005501473,group 3,80,135.3193295
0/0/1/0,1104,368,23,0,lp,901,2653,0.006142288,group 3,80,135.3193295
0/0/1/0,1104,369,23,0,mp,725,2653,0.004942463,group 3,80,135.3193295
0/0/1/0,1104,370,23,0,up,801,2653,0.005460569,group 3,80,135.3193295
0/0/1/0,1104,371,23,0,tp,837,2653,0.005705988,group 3,80,135.3193295
0/0/1/0,1104,372,23,1,lp,874,2653,0.005958224,group 3,80,135.3193295
0/0/1/0,1104,373,23,1,mp,738,2653,0.005031086,group 3,80,135.3193295
0/0/1/0,1104,374,23,1,up,792,2653,0.005399215,group 3,80,135.3193295
0/0/1/0,1104,375,23,1,tp,822,2653,0.00560373,group 3,80,135.3193295
0/0/1/0,1104,376,23,2,lp,767,2653,0.005228785,group 3,80,135.3193295
0/0/1/0,1104,377,23,2,mp,729,2653,0.004969732,group 3,80,135.3193295
0/0/1/0,1104,378,23,2,up,696,2653,0.004744764,group 3,80,135.3193295
0/0/1/0,1104,379,23,2,tp,851,2653,0.005801429,group 3,80,135.3193295
0/0/1/0,1104,380,23,3,lp,806,2653,0.005494655,group 3,80,135.3193295
0/0/1/0,1104,381,23,3,mp,765,2653,0.005215151,group 3,80,135.3193295
0/0/1/0,1104,382,23,3,up,805,2653,0.005487838,group 3,80,135.3193295
0/0/1/0,1104,383,23,3,tp,804,2653,0.005481021,group 3,80,135.3193295
0/0/1/0,1104,384,24,0,lp,807,2653,0.005501473,group 3,80,135.3193295
0/0/1/0,1104,385,24,0,mp,865,2653,0.00589687,group 3,80,135.3193295
0/0/1/0,1104,386,24,0,up,739,2653,0.005037904,group 3,80,135.3193295
0/0/1/0,1104,387,24,0,tp,808,2653,0.00550829,group 3,80,135.3193295
0/0/1/0,1104,388,24,1,lp,818,2653,0.005576462,group 3,80,135.3193295
0/0/1/0,1104,389,24,1,mp,826,2653,0.005630999,group 3,80,135.3193295
0/0/1/0,1104,390,24,1,up,737,2653,0.005024269,group 3,80,135.3193295
0/0/1/0,1104,391,24,1,tp,885,2653,0.006033213,group 3,80,135.3193295
0/0/1/0,1104,392,24,2,lp,718,2653,0.004894743,group 3,80,135.3193295
0/0/1/0,1104,393,24,2,mp,776,2653,0.00529014,group 3,80,135.3193295
0/0/1/0,1104,394,24,2,up,734,2653,0.005003818,group 3,80,135.3193295
0/0/1/0,1104,395,24,2,tp,809,2653,0.005515107,group 3,80,135.3193295
0/0/1/0,1104,396,24,3,lp,760,2653,0.005181065,group 3,80,135.3193295
0/0/1/0,1104,397,24,3,mp,792,2653,0.005399215,group 3,80,135.3193295
0/0/1/0,1104,398,24,3,up,709,2653,0.004833388,group 3,80,135.3193295
0/0/1/0,1104,399,24,3,tp,864,2653,0.005890052,group 3,80,135.3193295
0/0/1/0,1104,400,25,0,lp,871,2653,0.005937773,group 3,80,135.3193295
0/0/1/0,1104,401,25,0,mp,758,2653,0.00516743,group 3,80,135.3193295
0/0/1/0,1104,402,25,0,up,854,2653,0.00582188,group 3,80,135.3193295
0/0/1/0,1104,403,25,0,tp,836,2653,0.005699171,group 3,80,135.3193295
0/0/1/0,1104,404,25,1,lp,830,2653,0.005658268,group 3,80,135.3193295
0/0/1/0,1104,405,25,1,mp,842,2653,0.005740074,group 3,80,135.3193295
0/0/1/0,1104,406,25,1,up,886,2653,0.006040031,group 3,80,135.3193295
0/0/1/0,1104,407,25,1,tp,850,2653,0.005794612,group 3,80,135.3193295
0/0/1/0,1104,408,25,2,lp,712,2653,0.004853839,group 3,80,135.3193295
0/0/1/0,1104,409,25,2,mp,736,2653,0.005017452,group 3,80,135.3193295
0/0/1/0,1104,410,25,2,up,768,2653,0.005235602,group 3,80,135.3193295
0/0/1/0,1104,411,25,2,tp,821,2653,0.005596913,group 3,80,135.3193295
0/0/1/0,1104,412,25,3,lp,747,2653,0.005092441,group 3,80,135.3193295
0/0/1/0,1104,413,25,3,mp,748,2653,0.005099258,group 3,80,135.3193295
0/0/1/0,1104,414,25,3,up,767,2653,0.005228785,group 3,80,135.3193295
0/0/1/0,1104,415,25,3,tp,845,2653,0.005760526,group 3,80,135.3193295
0/0/1/0,1104,416,26,0,lp,817,2653,0.005569644,group 3,80,135.3193295
0/0/1/0,1104,417,26,0,mp,716,2653,0.004881108,group 3,80,135.3193295
0/0/1/0,1104,418,26,0,up,730,2653,0.004976549,group 3,80,135.3193295
0/0/1/0,1104,419,26,0,tp,923,2653,0.006292267,group 3,80,135.3193295
0/0/1/0,1104,420,26,1,lp,842,2653,0.005740074,group 3,80,135.3193295
0/0/1/0,1104,421,26,1,mp,774,2653,0.005276505,group 3,80,135.3193295
0/0/1/0,1104,422,26,1,up,841,2653,0.005733257,group 3,80,135.3193295
0/0/1/0,1104,423,26,1,tp,916,2653,0.006244546,group 3,80,135.3193295
0/0/1/0,1104,424,26,2,lp,716,2653,0.004881108,group 3,80,135.3193295
0/0/1/0,1104,425,26,2,mp,720,2653,0.004908377,group 3,80,135.3193295
0/0/1/0,1104,426,26,2,up,769,2653,0.005242419,group 3,80,135.3193295
0/0/1/0,1104,427,26,2,tp,844,2653,0.005753709,group 3,80,135.3193295
0/0/1/0,1104,428,26,3,lp,756,2653,0.005153796,group 3,80,135.3193295
0/0/1/0,1104,429,26,3,mp,682,2653,0.004649324,group 3,80,135.3193295
0/0/1/0,1104,430,26,3,up,791,2653,0.005392397,group 3,80,135.3193295
0/0/1/0,1104,431,26,3,tp,857,2653,0.005842332,group 3,80,135.3193295
0/0/1/0,1104,432,27,0,lp,860,2653,0.005862784,group 3,80,135.3193295
0/0/1/0,1104,433,27,0,mp,751,2653,0.00511971,group 3,80,135.3193295
0/0/1/0,1104,434,27,0,up,791,2653,0.005392397,group 3,80,135.3193295
0/0/1/0,1104,435,27,0,tp,860,2653,0.005862784,group 3,80,135.3193295
0/0/1/0,1104,436,27,1,lp,844,2653,0.005753709,group 3,80,135.3193295
0/0/1/0,1104,437,27,1,mp,781,2653,0.005324226,group 3,80,135.3193295
0/0/1/0,1104,438,27,1,up,801,2653,0.005460569,group 3,80,135.3193295
0/0/1/0,1104,439,27,1,tp,854,2653,0.00582188,group 3,80,135.3193295
0/0/1/0,1104,440,27,2,lp,737,2653,0.005024269,group 3,80,135.3193295
0/0/1/0,1104,441,27,2,mp,746,2653,0.005085624,group 3,80,135.3193295
0/0/1/0,1104,442,27,2,up,728,2653,0.004962914,group 3,80,135.3193295
0/0/1/0,1104,443,27,2,tp,811,2653,0.005528741,group 3,80,135.3193295
0/0/1/0,1104,444,27,3,lp,746,2653,0.005085624,group 3,80,135.3193295
0/0/1/0,1104,445,27,3,mp,739,2653,0.005037904,group 3,80,135.3193295
0/0/1/0,1104,446,27,3,up,779,2653,0.005310591,group 3,80,135.3193295
0/0/1/0,1104,447,27,3,tp,902,2653,0.006149106,group 3,80,135.3193295
0/0/1/0,1104,448,28,0,lp,888,2653,0.006053665,group 3,80,135.3193295
0/0/1/0,1104,449,28,0,mp,733,2653,0.004997,group 3,80,135.3193295
0/0/1/0,1104,450,28,0,up,866,2653,0.005903687,group 3,80,135.3193295
0/0/1/0,1104,451,28,0,tp,898,2653,0.006121837,group 3,80,135.3193295
0/0/1/0,1104,452,28,1,lp,851,2653,0.005801429,group 3,80,135.3193295
0/0/1/0,1104,453,28,1,mp,762,2653,0.005194699,group 3,80,135.3193295
0/0/1/0,1104,454,28,1,up,848,2653,0.005780977,group 3,80,135.3193295
0/0/1/0,1104,455,28,1,tp,867,2653,0.005910504,group 3,80,135.3193295
0/0/1/0,1104,456,28,2,lp,814,2653,0.005549193,group 3,80,135.3193295
0/0/1/0,1104,457,28,2,mp,797,2653,0.005433301,group 3,80,135.3193295
0/0/1/0,1104,458,28,2,up,769,2653,0.005242419,group 3,80,135.3193295
0/0/1/0,1104,459,28,2,tp,948,2653,0.006462696,group 3,80,135.3193295
0/0/1/0,1104,460,28,3,lp,727,2653,0.004956097,group 3,80,135.3193295
0/0/1/0,1104,461,28,3,mp,772,2653,0.005262871,group 3,80,135.3193295
0/0/1/0,1104,462,28,3,up,763,2653,0.005201516,group 3,80,135.3193295
0/0/1/0,1104,463,28,3,tp,893,2653,0.006087751,group 3,80,135.3193295
0/0/1/0,1104,464,29,0,lp,859,2653,0.005855966,group 3,80,135.3193295
0/0/1/0,1104,465,29,0,mp,799,2653,0.005446935,group 3,80,135.3193295
0/0/1/0,1104,466,29,0,up,836,2653,0.005699171,group 3,80,135.3193295
0/0/1/0,1104,467,29,0,tp,812,2653,0.005535558,group 3,80,135.3193295
0/0/1/0,1104,468,29,1,lp,801,2653,0.005460569,group 3,80,135.3193295
0/0/1/0,1104,469,29,1,mp,753,2653,0.005133344,group 3,80,135.3193295
0/0/1/0,1104,470,29,1,up,791,2653,0.005392397,group 3,80,135.3193295
0/0/1/0,1104,471,29,1,tp,817,2653,0.005569644,group 3,80,135.3193295
0/0/1/0,1104,472,29,2,lp,801,2653,0.005460569,group 3,80,135.3193295
0/0/1/0,1104,473,29,2,mp,807,2653,0.005501473,group 3,80,135.3193295
0/0/1/0,1104,474,29,2,up,764,2653,0.005208333,group 3,80,135.3193295
0/0/1/0,1104,475,29,2,tp,843,2653,0.005746891,group 3,80,135.3193295
0/0/1/0,1104,476,29,3,lp,799,2653,0.005446935,group 3,80,135.3193295
0/0/1/0,1104,477,29,3,mp,793,2653,0.005406032,group 3,80,135.3193295
0/0/1/0,1104,478,29,3,up,734,2653,0.005003818,group 3,80,135.3193295
0/0/1/0,1104,479,29,3,tp,807,2653,0.005501473,group 3,80,135.3193295
0/0/1/0,1104,480,30,0,lp,879,2653,0.00599231,group 3,80,135.3193295
0/0/1/0,1104,481,30,0,mp,816,2653,0.005562827,group 3,80,135.3193295
0/0/1/0,1104,482,30,0,up,914,2653,0.006230912,group 3,80,135.3193295
0/0/1/0,1104,483,30,0,tp,903,2653,0.006155923,group 3,80,135.3193295
0/0/1/0,1104,484,30,1,lp,828,2653,0.005644634,group 3,80,135.3193295
0/0/1/0,1104,485,30,1,mp,795,2653,0.005419666,group 3,80,135.3193295
0/0/1/0,1104,486,30,1,up,899,2653,0.006128654,group 3,80,135.3193295
0/0/1/0,1104,487,30,1,tp,845,2653,0.005760526,group 3,80,135.3193295
0/0/1/0,1104,488,30,2,lp,835,2653,0.005692354,group 3,80,135.3193295
0/0/1/0,1104,489,30,2,mp,835,2653,0.005692354,group 3,80,135.3193295
0/0/1/0,1104,490,30,2,up,788,2653,0.005371946,group 3,80,135.3193295
0/0/1/0,1104,491,30,2,tp,913,2653,0.006224095,group 3,80,135.3193295
0/0/1/0,1104,492,30,3,lp,774,2653,0.005276505,group 3,80,135.3193295
0/0/1/0,1104,493,30,3,mp,784,2653,0.005344677,group 3,80,135.3193295
0/0/1/0,1104,494,30,3,up,714,2653,0.004867474,group 3,80,135.3193295
0/0/1/0,1104,495,30,3,tp,819,2653,0.005583279,group 3,80,135.3193295
0/0/1/0,1104,496,31,0,lp,1033,2653,0.007042158,group 3,80,135.3193295
0/0/1/0,1104,497,31,0,mp,895,2653,0.006101385,group 3,80,135.3193295
0/0/1/0,1104,498,31,0,up,883,2653,0.006019579,group 3,80,135.3193295
0/0/1/0,1104,499,31,0,tp,973,2653,0.006633126,group 3,80,135.3193295
0/0/1/0,1104,500,31,1,lp,878,2653,0.005985493,group 3,80,135.3193295
0/0/1/0,1104,501,31,1,mp,759,2653,0.005174247,group 3,80,135.3193295
0/0/1/0,1104,502,31,1,up,687,2653,0.00468341,group 3,80,135.3193295
0/0/1/0,1104,503,31,1,tp,796,2653,0.005426483,group 3,80,135.3193295
0/0/1/0,1104,504,31,2,lp,881,2653,0.006005945,group 3,80,135.3193295
0/0/1/0,1104,505,31,2,mp,804,2653,0.005481021,group 3,80,135.3193295
0/0/1/0,1104,506,31,2,up,850,2653,0.005794612,group 3,80,135.3193295
0/0/1/0,1104,507,31,2,tp,890,2653,0.006067299,group 3,80,135.3193295
0/0/1/0,1104,508,31,3,lp,694,2653,0.00473113,group 3,80,135.3193295
0/0/1/0,1104,509,31,3,mp,731,2653,0.004983366,group 3,80,135.3193295
0/0/1/0,1104,510,31,3,up,687,2653,0.00468341,group 3,80,135.3193295
0/0/1/0,1104,511,31,3,tp,754,2653,0.005140161,group 3,80,135.3193295
0/0/1/0,1104,512,32,0,lp,971,2653,0.006619492,group 3,80,135.3193295
0/0/1/0,1104,513,32,0,mp,782,2653,0.005331043,group 3,80,135.3193295
0/0/1/0,1104,514,32,0,up,882,2653,0.006012762,group 3,80,135.3193295
0/0/1/0,1104,515,32,0,tp,1081,2653,0.007369383,group 3,80,135.3193295
0/0/1/0,1104,516,32,1,lp,807,2653,0.005501473,group 3,80,135.3193295
0/0/1/0,1104,517,32,1,mp,713,2653,0.004860657,group 3,80,135.3193295
0/0/1/0,1104,518,32,1,up,707,2653,0.004819753,group 3,80,135.3193295
0/0/1/0,1104,519,32,1,tp,864,2653,0.005890052,group 3,80,135.3193295
0/0/1/0,1104,520,32,2,lp,873,2653,0.005951407,group 3,80,135.3193295
0/0/1/0,1104,521,32,2,mp,744,2653,0.00507199,group 3,80,135.3193295
0/0/1/0,1104,522,32,2,up,796,2653,0.005426483,group 3,80,135.3193295
0/0/1/0,1104,523,32,2,tp,1008,2653,0.006871728,group 3,80,135.3193295
0/0/1/0,1104,524,32,3,lp,722,2653,0.004922011,group 3,80,135.3193295
0/0/1/0,1104,525,32,3,mp,739,2653,0.005037904,group 3,80,135.3193295
0/0/1/0,1104,526,32,3,up,668,2653,0.004553883,group 3,80,135.3193295
0/0/1/0,1104,527,32,3,tp,770,2653,0.005249236,group 3,80,135.3193295
0/0/1/0,1104,528,33,0,lp,953,2653,0.006496782,group 3,80,135.3193295
0/0/1/0,1104,529,33,0,mp,929,2653,0.00633317,group 3,80,135.3193295
0/0/1/0,1104,530,33,0,up,842,2653,0.005740074,group 3,80,135.3193295
0/0/1/0,1104,531,33,0,tp,960,2653,0.006544503,group 3,80,135.3193295
0/0/1/0,1104,532,33,1,lp,754,2653,0.005140161,group 3,80,135.3193295
0/0/1/0,1104,533,33,1,mp,748,2653,0.005099258,group 3,80,135.3193295
0/0/1/0,1104,534,33,1,up,702,2653,0.004785668,group 3,80,135.3193295
0/0/1/0,1104,535,33,1,tp,849,2653,0.005787795,group 3,80,135.3193295
0/0/1/0,1104,536,33,2,lp,883,2653,0.006019579,group 3,80,135.3193295
0/0/1/0,1104,537,33,2,mp,826,2653,0.005630999,group 3,80,135.3193295
0/0/1/0,1104,538,33,2,up,791,2653,0.005392397,group 3,80,135.3193295
0/0/1/0,1104,539,33,2,tp,904,2653,0.00616274,group 3,80,135.3193295
0/0/1/0,1104,540,33,3,lp,710,2653,0.004840205,group 3,80,135.3193295
0/0/1/0,1104,541,33,3,mp,751,2653,0.00511971,group 3,80,135.3193295
0/0/1/0,1104,542,33,3,up,663,2653,0.004519797,group 3,80,135.3193295
0/0/1/0,1104,543,33,3,tp,840,2653,0.00572644,group 3,80,135.3193295
0/0/1/0,1104,544,34,0,lp,992,2653,0.006762653,group 3,80,135.3193295
0/0/1/0,1104,545,34,0,mp,790,2653,0.00538558,group 3,80,135.3193295
0/0/1/0,1104,546,34,0,up,849,2653,0.005787795,group 3,80,135.3193295
0/0/1/0,1104,547,34,0,tp,1066,2653,0.007267125,group 3,80,135.3193295
0/0/1/0,1104,548,34,1,lp,828,2653,0.005644634,group 3,80,135.3193295
0/0/1/0,1104,549,34,1,mp,723,2653,0.004928829,group 3,80,135.3193295
0/0/1/0,1104,550,34,1,up,679,2653,0.004628872,group 3,80,135.3193295
0/0/1/0,1104,551,34,1,tp,810,2653,0.005521924,group 3,80,135.3193295
0/0/1/0,1104,552,34,2,lp,832,2653,0.005671902,group 3,80,135.3193295
0/0/1/0,1104,553,34,2,mp,814,2653,0.005549193,group 3,80,135.3193295
0/0/1/0,1104,554,34,2,up,867,2653,0.005910504,group 3,80,135.3193295
0/0/1/0,1104,555,34,2,tp,1037,2653,0.007069426,group 3,80,135.3193295
0/0/1/0,1104,556,34,3,lp,705,2653,0.004806119,group 3,80,135.3193295
0/0/1/0,1104,557,34,3,mp,752,2653,0.005126527,group 3,80,135.3193295
0/0/1/0,1104,558,34,3,up,711,2653,0.004847022,group 3,80,135.3193295
0/0/1/0,1104,559,34,3,tp,814,2653,0.005549193,group 3,80,135.3193295
0/0/1/0,1104,560,35,0,lp,970,2653,0.006612675,group 3,80,135.3193295
0/0/1/0,1104,561,35,0,mp,777,2653,0.005296957,group 3,80,135.3193295
0/0/1/0,1104,562,35,0,up,819,2653,0.005583279,group 3,80,135.3193295
0/0/1/0,1104,563,35,0,tp,983,2653,0.006701298,group 3,80,135.3193295
0/0/1/0,1104,564,35,1,lp,813,2653,0.005542376,group 3,80,135.3193295
0/0/1/0,1104,565,35,1,mp,716,2653,0.004881108,group 3,80,135.3193295
0/0/1/0,1104,566,35,1,up,679,2653,0.004628872,group 3,80,135.3193295
0/0/1/0,1104,567,35,1,tp,817,2653,0.005569644,group 3,80,135.3193295
0/0/1/0,1104,568,35,2,lp,837,2653,0.005705988,group 3,80,135.3193295
0/0/1/0,1104,569,35,2,mp,784,2653,0.005344677,group 3,80,135.3193295
0/0/1/0,1104,570,35,2,up,831,2653,0.005665085,group 3,80,135.3193295
0/0/1/0,1104,571,35,2,tp,960,2653,0.006544503,group 3,80,135.3193295
0/0/1/0,1104,572,35,3,lp,697,2653,0.004751582,group 3,80,135.3193295
0/0/1/0,1104,573,35,3,mp,732,2653,0.004990183,group 3,80,135.3193295
0/0/1/0,1104,574,35,3,up,675,2653,0.004601603,group 3,80,135.3193295
0/0/1/0,1104,575,35,3,tp,783,2653,0.00533786,group 3,80,135.3193295
0/0/1/0,1104,576,36,0,lp,1008,2653,0.006871728,group 3,80,135.3193295
0/0/1/0,1104,577,36,0,mp,783,2653,0.00533786,group 3,80,135.3193295
0/0/1/0,1104,578,36,0,up,764,2653,0.005208333,group 3,80,135.3193295
0/0/1/0,1104,579,36,0,tp,917,2653,0.006251363,group 3,80,135.3193295
0/0/1/0,1104,580,36,1,lp,867,2653,0.005910504,group 3,80,135.3193295
0/0/1/0,1104,581,36,1,mp,686,2653,0.004676592,group 3,80,135.3193295
0/0/1/0,1104,582,36,1,up,674,2653,0.004594786,group 3,80,135.3193295
0/0/1/0,1104,583,36,1,tp,766,2653,0.005221968,group 3,80,135.3193295
0/0/1/0,1104,584,36,2,lp,889,2653,0.006060482,group 3,80,135.3193295
0/0/1/0,1104,585,36,2,mp,784,2653,0.005344677,group 3,80,135.3193295
0/0/1/0,1104,586,36,2,up,784,2653,0.005344677,group 3,80,135.3193295
0/0/1/0,1104,587,36,2,tp,936,2653,0.00638089,group 3,80,135.3193295
0/0/1/0,1104,588,36,3,lp,774,2653,0.005276505,group 3,80,135.3193295
0/0/1/0,1104,589,36,3,mp,718,2653,0.004894743,group 3,80,135.3193295
0/0/1/0,1104,590,36,3,up,678,2653,0.004622055,group 3,80,135.3193295
0/0/1/0,1104,591,36,3,tp,812,2653,0.005535558,group 3,80,135.3193295
0/0/1/0,1104,592,37,0,lp,1054,2653,0.007185318,group 3,80,135.3193295
0/0/1/0,1104,593,37,0,mp,846,2653,0.005767343,group 3,80,135.3193295
0/0/1/0,1104,594,37,0,up,797,2653,0.005433301,group 3,80,135.3193295
0/0/1/0,1104,595,37,0,tp,948,2653,0.006462696,group 3,80,135.3193295
0/0/1/0,1104,596,37,1,lp,845,2653,0.005760526,group 3,80,135.3193295
0/0/1/0,1104,597,37,1,mp,714,2653,0.004867474,group 3,80,135.3193295
0/0/1/0,1104,598,37,1,up,661,2653,0.004506163,group 3,80,135.3193295
0/0/1/0,1104,599,37,1,tp,788,2653,0.005371946,group 3,80,135.3193295
0/0/1/0,1104,600,37,2,lp,952,2653,0.006489965,group 3,80,135.3193295
0/0/1/0,1104,601,37,2,mp,765,2653,0.005215151,group 3,80,135.3193295
0/0/1/0,1104,602,37,2,up,727,2653,0.004956097,group 3,80,135.3193295
0/0/1/0,1104,603,37,2,tp,977,2653,0.006660395,group 3,80,135.3193295
0/0/1/0,1104,604,37,3,lp,736,2653,0.005017452,group 3,80,135.3193295
0/0/1/0,1104,605,37,3,mp,684,2653,0.004662958,group 3,80,135.3193295
0/0/1/0,1104,606,37,3,up,695,2653,0.004737947,group 3,80,135.3193295
0/0/1/0,1104,607,37,3,tp,866,2653,0.005903687,group 3,80,135.3193295
0/0/1/0,1104,608,38,0,lp,936,2653,0.00638089,group 3,80,135.3193295
0/0/1/0,1104,609,38,0,mp,798,2653,0.005440118,group 3,80,135.3193295
0/0/1/0,1104,610,38,0,up,870,2653,0.005930955,group 3,80,135.3193295
0/0/1/0,1104,611,38,0,tp,920,2653,0.006271815,group 3,80,135.3193295
0/0/1/0,1104,612,38,1,lp,870,2653,0.005930955,group 3,80,135.3193295
0/0/1/0,1104,613,38,1,mp,744,2653,0.00507199,group 3,80,135.3193295
0/0/1/0,1104,614,38,1,up,734,2653,0.005003818,group 3,80,135.3193295
0/0/1/0,1104,615,38,1,tp,874,2653,0.005958224,group 3,80,135.3193295
0/0/1/0,1104,616,38,2,lp,913,2653,0.006224095,group 3,80,135.3193295
0/0/1/0,1104,617,38,2,mp,810,2653,0.005521924,group 3,80,135.3193295
0/0/1/0,1104,618,38,2,up,769,2653,0.005242419,group 3,80,135.3193295
0/0/1/0,1104,619,38,2,tp,976,2653,0.006653578,group 3,80,135.3193295
0/0/1/0,1104,620,38,3,lp,729,2653,0.004969732,group 3,80,135.3193295
0/0/1/0,1104,621,38,3,mp,735,2653,0.005010635,group 3,80,135.3193295
0/0/1/0,1104,622,38,3,up,693,2653,0.004724313,group 3,80,135.3193295
0/0/1/0,1104,623,38,3,tp,852,2653,0.005808246,group 3,80,135.3193295
0/0/1/0,1104,624,39,0,lp,1012,2653,0.006898997,group 3,80,135.3193295
0/0/1/0,1104,625,39,0,mp,874,2653,0.005958224,group 3,80,135.3193295
0/0/1/0,1104,626,39,0,up,803,2653,0.005474204,group 3,80,135.3193295
0/0/1/0,1104,627,39,0,tp,910,2653,0.006203643,group 3,80,135.3193295
0/0/1/0,1104,628,39,1,lp,795,2653,0.005419666,group 3,80,135.3193295
0/0/1/0,1104,629,39,1,mp,770,2653,0.005249236,group 3,80,135.3193295
0/0/1/0,1104,630,39,1,up,674,2653,0.004594786,group 3,80,135.3193295
0/0/1/0,1104,631,39,1,tp,823,2653,0.005610548,group 3,80,135.3193295
0/0/1/0,1104,632,39,2,lp,882,2653,0.006012762,group 3,80,135.3193295
0/0/1/0,1104,633,39,2,mp,809,2653,0.005515107,group 3,80,135.3193295
0/0/1/0,1104,634,39,2,up,743,2653,0.005065172,group 3,80,135.3193295
0/0/1/0,1104,635,39,2,tp,841,2653,0.005733257,group 3,80,135.3193295
0/0/1/0,1104,636,39,3,lp,821,2653,0.005596913,group 3,80,135.3193295
0/0/1/0,1104,637,39,3,mp,780,2653,0.005317408,group 3,80,135.3193295
0/0/1/0,1104,638,39,3,up,706,2653,0.004812936,group 3,80,135.3193295
0/0/1/0,1104,639,39,3,tp,841,2653,0.005733257,group 3,80,135.3193295
0/0/1/0,1104,640,40,0,lp,988,2653,0.006735384,group 3,80,135.3193295
0/0/1/0,1104,641,40,0,mp,809,2653,0.005515107,group 3,80,135.3193295
0/0/1/0,1104,642,40,0,up,834,2653,0.005685537,group 3,80,135.3193295
0/0/1/0,1104,643,40,0,tp,946,2653,0.006449062,group 3,80,135.3193295
0/0/1/0,1104,644,40,1,lp,865,2653,0.00589687,group 3,80,135.3193295
0/0/1/0,1104,645,40,1,mp,715,2653,0.004874291,group 3,80,135.3193295
0/0/1/0,1104,646,40,1,up,741,2653,0.005051538,group 3,80,135.3193295
0/0/1/0,1104,647,40,1,tp,840,2653,0.00572644,group 3,80,135.3193295
0/0/1/0,1104,648,40,2,lp,902,2653,0.006149106,group 3,80,135.3193295
0/0/1/0,1104,649,40,2,mp,877,2653,0.005978676,group 3,80,135.3193295
0/0/1/0,1104,650,40,2,up,781,2653,0.005324226,group 3,80,135.3193295
0/0/1/0,1104,651,40,2,tp,946,2653,0.006449062,group 3,80,135.3193295
0/0/1/0,1104,652,40,3,lp,808,2653,0.00550829,group 3,80,135.3193295
0/0/1/0,1104,653,40,3,mp,676,2653,0.004608421,group 3,80,135.3193295
0/0/1/0,1104,654,40,3,up,650,2653,0.004431174,group 3,80,135.3193295
0/0/1/0,1104,655,40,3,tp,826,2653,0.005630999,group 3,80,135.3193295
0/0/1/0,1104,656,41,0,lp,1086,2653,0.007403469,group 3,80,135.3193295
0/0/1/0,1104,657,41,0,mp,801,2653,0.005460569,group 3,80,135.3193295
0/0/1/0,1104,658,41,0,up,849,2653,0.005787795,group 3,80,135.3193295
0/0/1/0,1104,659,41,0,tp,987,2653,0.006728567,group 3,80,135.3193295
0/0/1/0,1104,660,41,1,lp,965,2653,0.006578589,group 3,80,135.3193295
0/0/1/0,1104,661,41,1,mp,692,2653,0.004717496,group 3,80,135.3193295
0/0/1/0,1104,662,41,1,up,743,2653,0.005065172,group 3,80,135.3193295
0/0/1/0,1104,663,41,1,tp,809,2653,0.005515107,group 3,80,135.3193295
0/0/1/0,1104,664,41,2,lp,991,2653,0.006755836,group 3,80,135.3193295
0/0/1/0,1104,665,41,2,mp,818,2653,0.005576462,group 3,80,135.3193295
0/0/1/0,1104,666,41,2,up,784,2653,0.005344677,group 3,80,135.3193295
0/0/1/0,1104,667,41,2,tp,935,2653,0.006374073,group 3,80,135.3193295
0/0/1/0,1104,668,41,3,lp,916,2653,0.006244546,group 3,80,135.3193295
0/0/1/0,1104,669,41,3,mp,745,2653,0.005078807,group 3,80,135.3193295
0/0/1/0,1104,670,41,3,up,736,2653,0.005017452,group 3,80,135.3193295
0/0/1/0,1104,671,41,3,tp,823,2653,0.005610548,group 3,80,135.3193295
0/0/1/0,1104,672,42,0,lp,1031,2653,0.007028523,group 3,80,135.3193295
0/0/1/0,1104,673,42,0,mp,888,2653,0.006053665,group 3,80,135.3193295
0/0/1/0,1104,674,42,0,up,804,2653,0.005481021,group 3,80,135.3193295
0/0/1/0,1104,675,42,0,tp,944,2653,0.006435428,group 3,80,135.3193295
0/0/1/0,1104,676,42,1,lp,916,2653,0.006244546,group 3,80,135.3193295
0/0/1/0,1104,677,42,1,mp,708,2653,0.004826571,group 3,80,135.3193295
0/0/1/0,1104,678,42,1,up,695,2653,0.004737947,group 3,80,135.3193295
0/0/1/0,1104,679,42,1,tp,844,2653,0.005753709,group 3,80,135.3193295
0/0/1/0,1104,680,42,2,lp,915,2653,0.006237729,group 3,80,135.3193295
0/0/1/0,1104,681,42,2,mp,762,2653,0.005194699,group 3,80,135.3193295
0/0/1/0,1104,682,42,2,up,754,2653,0.005140161,group 3,80,135.3193295
0/0/1/0,1104,683,42,2,tp,846,2653,0.005767343,group 3,80,135.3193295
0/0/1/0,1104,684,42,3,lp,790,2653,0.00538558,group 3,80,135.3193295
0/0/1/0,1104,685,42,3,mp,713,2653,0.004860657,group 3,80,135.3193295
0/0/1/0,1104,686,42,3,up,662,2653,0.00451298,group 3,80,135.3193295
0/0/1/0,1104,687,42,3,tp,772,2653,0.005262871,group 3,80,135.3193295
0/0/1/0,1104,688,43,0,lp,1026,2653,0.006994437,group 3,80,135.3193295
0/0/1/0,1104,689,43,0,mp,817,2653,0.005569644,group 3,80,135.3193295
0/0/1/0,1104,690,43,0,up,778,2653,0.005303774,group 3,80,135.3193295
0/0/1/0,1104,691,43,0,tp,867,2653,0.005910504,group 3,80,135.3193295
0/0/1/0,1104,692,43,1,lp,916,2653,0.006244546,group 3,80,135.3193295
0/0/1/0,1104,693,43,1,mp,702,2653,0.004785668,group 3,80,135.3193295
0/0/1/0,1104,694,43,1,up,681,2653,0.004642507,group 3,80,135.3193295
0/0/1/0,1104,695,43,1,tp,820,2653,0.005590096,group 3,80,135.3193295
0/0/1/0,1104,696,43,2,lp,924,2653,0.006299084,group 3,80,135.3193295
0/0/1/0,1104,697,43,2,mp,782,2653,0.005331043,group 3,80,135.3193295
0/0/1/0,1104,698,43,2,up,765,2653,0.005215151,group 3,80,135.3193295
0/0/1/0,1104,699,43,2,tp,858,2653,0.005849149,group 3,80,135.3193295
0/0/1/0,1104,700,43,3,lp,831,2653,0.005665085,group 3,80,135.3193295
0/0/1/0,1104,701,43,3,mp,665,2653,0.004533432,group 3,80,135.3193295
0/0/1/0,1104,702,43,3,up,676,2653,0.004608421,group 3,80,135.3193295
0/0/1/0,1104,703,43,3,tp,838,2653,0.005712805,group 3,80,135.3193295
0/0/1/0,1104,704,44,0,lp,882,2653,0.006012762,group 3,80,135.3193295
0/0/1/0,1104,705,44,0,mp,777,2653,0.005296957,group 3,80,135.3193295
0/0/1/0,1104,706,44,0,up,704,2653,0.004799302,group 3,80,135.3193295
0/0/1/0,1104,707,44,0,tp,842,2653,0.005740074,group 3,80,135.3193295
0/0/1/0,1104,708,44,1,lp,881,2653,0.006005945,group 3,80,135.3193295
0/0/1/0,1104,709,44,1,mp,709,2653,0.004833388,group 3,80,135.3193295
0/0/1/0,1104,710,44,1,up,690,2653,0.004703861,group 3,80,135.3193295
0/0/1/0,1104,711,44,1,tp,801,2653,0.005460569,group 3,80,135.3193295
0/0/1/0,1104,712,44,2,lp,843,2653,0.005746891,group 3,80,135.3193295
0/0/1/0,1104,713,44,2,mp,770,2653,0.005249236,group 3,80,135.3193295
0/0/1/0,1104,714,44,2,up,750,2653,0.005112893,group 3,80,135.3193295
0/0/1/0,1104,715,44,2,tp,863,2653,0.005883235,group 3,80,135.3193295
0/0/1/0,1104,716,44,3,lp,845,2653,0.005760526,group 3,80,135.3193295
0/0/1/0,1104,717,44,3,mp,744,2653,0.00507199,group 3,80,135.3193295
0/0/1/0,1104,718,44,3,up,706,2653,0.004812936,group 3,80,135.3193295
0/0/1/0,1104,719,44,3,tp,848,2653,0.005780977,group 3,80,135.3193295
0/0/1/0,1104,720,45,0,lp,879,2653,0.00599231,group 3,80,135.3193295
0/0/1/0,1104,721,45,0,mp,844,2653,0.005753709,group 3,80,135.3193295
0/0/1/0,1104,722,45,0,up,722,2653,0.004922011,group 3,80,135.3193295
0/0/1/0,1104,723,45,0,tp,860,2653,0.005862784,group 3,80,135.3193295
0/0/1/0,1104,724,45,1,lp,826,2653,0.005630999,group 3,80,135.3193295
0/0/1/0,1104,725,45,1,mp,751,2653,0.00511971,group 3,80,135.3193295
0/0/1/0,1104,726,45,1,up,739,2653,0.005037904,group 3,80,135.3193295
0/0/1/0,1104,727,45,1,tp,774,2653,0.005276505,group 3,80,135.3193295
0/0/1/0,1104,728,45,2,lp,820,2653,0.005590096,group 3,80,135.3193295
0/0/1/0,1104,729,45,2,mp,749,2653,0.005106075,group 3,80,135.3193295
0/0/1/0,1104,730,45,2,up,693,2653,0.004724313,group 3,80,135.3193295
0/0/1/0,1104,731,45,2,tp,867,2653,0.005910504,group 3,80,135.3193295
0/0/1/0,1104,732,45,3,lp,769,2653,0.005242419,group 3,80,135.3193295
0/0/1/0,1104,733,45,3,mp,750,2653,0.005112893,group 3,80,135.3193295
0/0/1/0,1104,734,45,3,up,674,2653,0.004594786,group 3,80,135.3193295
0/0/1/0,1104,735,45,3,tp,824,2653,0.005617365,group 3,80,135.3193295
0/0/1/0,1104,736,46,0,lp,923,2653,0.006292267,group 3,80,135.3193295
0/0/1/0,1104,737,46,0,mp,806,2653,0.005494655,group 3,80,135.3193295
0/0/1/0,1104,738,46,0,up,716,2653,0.004881108,group 3,80,135.3193295
0/0/1/0,1104,739,46,0,tp,821,2653,0.005596913,group 3,80,135.3193295
0/0/1/0,1104,740,46,1,lp,904,2653,0.00616274,group 3,80,135.3193295
0/0/1/0,1104,741,46,1,mp,738,2653,0.005031086,group 3,80,135.3193295
0/0/1/0,1104,742,46,1,up,725,2653,0.004942463,group 3,80,135.3193295
0/0/1/0,1104,743,46,1,tp,835,2653,0.005692354,group 3,80,135.3193295
0/0/1/0,1104,744,46,2,lp,856,2653,0.005835515,group 3,80,135.3193295
0/0/1/0,1104,745,46,2,mp,806,2653,0.005494655,group 3,80,135.3193295
0/0/1/0,1104,746,46,2,up,742,2653,0.005058355,group 3,80,135.3193295
0/0/1/0,1104,747,46,2,tp,846,2653,0.005767343,group 3,80,135.3193295
0/0/1/0,1104,748,46,3,lp,742,2653,0.005058355,group 3,80,135.3193295
0/0/1/0,1104,749,46,3,mp,736,2653,0.005017452,group 3,80,135.3193295
0/0/1/0,1104,750,46,3,up,699,2653,0.004765216,group 3,80,135.3193295
0/0/1/0,1104,751,46,3,tp,838,2653,0.005712805,group 3,80,135.3193295
0/0/1/0,1104,752,47,0,lp,900,2653,0.006135471,group 3,80,135.3193295
0/0/1/0,1104,753,47,0,mp,802,2653,0.005467387,group 3,80,135.3193295
0/0/1/0,1104,754,47,0,up,669,2653,0.0045607,group 3,80,135.3193295
0/0/1/0,1104,755,47,0,tp,850,2653,0.005794612,group 3,80,135.3193295
0/0/1/0,1104,756,47,1,lp,795,2653,0.005419666,group 3,80,135.3193295
0/0/1/0,1104,757,47,1,mp,736,2653,0.005017452,group 3,80,135.3193295
0/0/1/0,1104,758,47,1,up,643,2653,0.004383453,group 3,80,135.3193295
0/0/1/0,1104,759,47,1,tp,807,2653,0.005501473,group 3,80,135.3193295
0/0/1/0,1104,760,47,2,lp,771,2653,0.005256054,group 3,80,135.3193295
0/0/1/0,1104,761,47,2,mp,718,2653,0.004894743,group 3,80,135.3193295
0/0/1/0,1104,762,47,2,up,636,2653,0.004335733,group 3,80,135.3193295
0/0/1/0,1104,763,47,2,tp,839,2653,0.005719623,group 3,80,135.3193295
0/0/1/0,1104,764,47,3,lp,749,2653,0.005106075,group 3,80,135.3193295
0/0/1/0,1104,765,47,3,mp,749,2653,0.005106075,group 3,80,135.3193295
0/0/1/0,1104,766,47,3,up,619,2653,0.004219841,group 3,80,135.3193295
0/0/1/0,1104,767,47,3,tp,742,2653,0.005058355,group 3,80,135.3193295
0/0/1/0,1104,768,48,0,lp,815,2653,0.00555601,group 3,80,135.3193295
0/0/1/0,1104,769,48,0,mp,788,2653,0.005371946,group 3,80,135.3193295
0/0/1/0,1104,770,48,0,up,733,2653,0.004997,group 3,80,135.3193295
0/0/1/0,1104,771,48,0,tp,814,2653,0.005549193,group 3,80,135.3193295
0/0/1/0,1104,772,48,1,lp,770,2653,0.005249236,group 3,80,135.3193295
0/0/1/0,1104,773,48,1,mp,703,2653,0.004792485,group 3,80,135.3193295
0/0/1/0,1104,774,48,1,up,678,2653,0.004622055,group 3,80,135.3193295
0/0/1/0,1104,775,48,1,tp,851,2653,0.005801429,group 3,80,135.3193295
0/0/1/0,1104,776,48,2,lp,753,2653,0.005133344,group 3,80,135.3193295
0/0/1/0,1104,777,48,2,mp,786,2653,0.005358312,group 3,80,135.3193295
0/0/1/0,1104,778,48,2,up,674,2653,0.004594786,group 3,80,135.3193295
0/0/1/0,1104,779,48,2,tp,821,2653,0.005596913,group 3,80,135.3193295
0/0/1/0,1104,780,48,3,lp,752,2653,0.005126527,group 3,80,135.3193295
0/0/1/0,1104,781,48,3,mp,688,2653,0.004690227,group 3,80,135.3193295
0/0/1/0,1104,782,48,3,up,639,2653,0.004356185,group 3,80,135.3193295
0/0/1/0,1104,783,48,3,tp,828,2653,0.005644634,group 3,80,135.3193295
0/0/1/0,1104,784,49,0,lp,859,2653,0.005855966,group 3,80,135.3193295
0/0/1/0,1104,785,49,0,mp,736,2653,0.005017452,group 3,80,135.3193295
0/0/1/0,1104,786,49,0,up,674,2653,0.004594786,group 3,80,135.3193295
0/0/1/0,1104,787,49,0,tp,873,2653,0.005951407,group 3,80,135.3193295
0/0/1/0,1104,788,49,1,lp,795,2653,0.005419666,group 3,80,135.3193295
0/0/1/0,1104,789,49,1,mp,662,2653,0.00451298,group 3,80,135.3193295
0/0/1/0,1104,790,49,1,up,675,2653,0.004601603,group 3,80,135.3193295
0/0/1/0,1104,791,49,1,tp,810,2653,0.005521924,group 3,80,135.3193295
0/0/1/0,1104,792,49,2,lp,738,2653,0.005031086,group 3,80,135.3193295
0/0/1/0,1104,793,49,2,mp,717,2653,0.004887925,group 3,80,135.3193295
0/0/1/0,1104,794,49,2,up,630,2653,0.00429483,group 3,80,135.3193295
0/0/1/0,1104,795,49,2,tp,879,2653,0.00599231,group 3,80,135.3193295
0/0/1/0,1104,796,49,3,lp,733,2653,0.004997,group 3,80,135.3193295
0/0/1/0,1104,797,49,3,mp,718,2653,0.004894743,group 3,80,135.3193295
0/0/1/0,1104,798,49,3,up,594,2653,0.004049411,group 3,80,135.3193295
0/0/1/0,1104,799,49,3,tp,802,2653,0.005467387,group 3,80,135.3193295
0/0/1/0,1104,800,50,0,lp,857,2653,0.005842332,group 3,80,135.3193295
0/0/1/0,1104,801,50,0,mp,697,2653,0.004751582,group 3,80,135.3193295
0/0/1/0,1104,802,50,0,up,703,2653,0.004792485,group 3,80,135.3193295
0/0/1/0,1104,803,50,0,tp,776,2653,0.00529014,group 3,80,135.3193295
0/0/1/0,1104,804,50,1,lp,770,2653,0.005249236,group 3,80,135.3193295
0/0/1/0,1104,805,50,1,mp,732,2653,0.004990183,group 3,80,135.3193295
0/0/1/0,1104,806,50,1,up,645,2653,0.004397088,group 3,80,135.3193295
0/0/1/0,1104,807,50,1,tp,764,2653,0.005208333,group 3,80,135.3193295
0/0/1/0,1104,808,50,2,lp,777,2653,0.005296957,group 3,80,135.3193295
0/0/1/0,1104,809,50,2,mp,680,2653,0.004635689,group 3,80,135.3193295
0/0/1/0,1104,810,50,2,up,680,2653,0.004635689,group 3,80,135.3193295
0/0/1/0,1104,811,50,2,tp,808,2653,0.00550829,group 3,80,135.3193295
0/0/1/0,1104,812,50,3,lp,697,2653,0.004751582,group 3,80,135.3193295
0/0/1/0,1104,813,50,3,mp,669,2653,0.0045607,group 3,80,135.3193295
0/0/1/0,1104,814,50,3,up,667,2653,0.004547066,group 3,80,135.3193295
0/0/1/0,1104,815,50,3,tp,821,2653,0.005596913,group 3,80,135.3193295
0/0/1/0,1104,816,51,0,lp,761,2653,0.005187882,group 3,80,135.3193295
0/0/1/0,1104,817,51,0,mp,762,2653,0.005194699,group 3,80,135.3193295
0/0/1/0,1104,818,51,0,up,633,2653,0.004315281,group 3,80,135.3193295
0/0/1/0,1104,819,51,0,tp,817,2653,0.005569644,group 3,80,135.3193295
0/0/1/0,1104,820,51,1,lp,862,2653,0.005876418,group 3,80,135.3193295
0/0/1/0,1104,821,51,1,mp,716,2653,0.004881108,group 3,80,135.3193295
0/0/1/0,1104,822,51,1,up,649,2653,0.004424356,group 3,80,135.3193295
0/0/1/0,1104,823,51,1,tp,751,2653,0.00511971,group 3,80,135.3193295
0/0/1/0,1104,824,51,2,lp,725,2653,0.004942463,group 3,80,135.3193295
0/0/1/0,1104,825,51,2,mp,702,2653,0.004785668,group 3,80,135.3193295
0/0/1/0,1104,826,51,2,up,714,2653,0.004867474,group 3,80,135.3193295
0/0/1/0,1104,827,51,2,tp,713,2653,0.004860657,group 3,80,135.3193295
0/0/1/0,1104,828,51,3,lp,760,2653,0.005181065,group 3,80,135.3193295
0/0/1/0,1104,829,51,3,mp,691,2653,0.004710678,group 3,80,135.3193295
0/0/1/0,1104,830,51,3,up,649,2653,0.004424356,group 3,80,135.3193295
0/0/1/0,1104,831,51,3,tp,755,2653,0.005146979,group 3,80,135.3193295
0/0/1/0,1104,832,52,0,lp,800,2653,0.005453752,group 3,80,135.3193295
0/0/1/0,1104,833,52,0,mp,669,2653,0.0045607,group 3,80,135.3193295
0/0/1/0,1104,834,52,0,up,660,2653,0.004499346,group 3,80,135.3193295
0/0/1/0,1104,835,52,0,tp,729,2653,0.004969732,group 3,80,135.3193295
0/0/1/0,1104,836,52,1,lp,775,2653,0.005283322,group 3,80,135.3193295
0/0/1/0,1104,837,52,1,mp,751,2653,0.00511971,group 3,80,135.3193295
0/0/1/0,1104,838,52,1,up,664,2653,0.004526614,group 3,80,135.3193295
0/0/1/0,1104,839,52,1,tp,746,2653,0.005085624,group 3,80,135.3193295
0/0/1/0,1104,840,52,2,lp,814,2653,0.005549193,group 3,80,135.3193295
0/0/1/0,1104,841,52,2,mp,717,2653,0.004887925,group 3,80,135.3193295
0/0/1/0,1104,842,52,2,up,672,2653,0.004581152,group 3,80,135.3193295
0/0/1/0,1104,843,52,2,tp,772,2653,0.005262871,group 3,80,135.3193295
0/0/1/0,1104,844,52,3,lp,754,2653,0.005140161,group 3,80,135.3193295
0/0/1/0,1104,845,52,3,mp,728,2653,0.004962914,group 3,80,135.3193295
0/0/1/0,1104,846,52,3,up,627,2653,0.004274378,group 3,80,135.3193295
0/0/1/0,1104,847,52,3,tp,749,2653,0.005106075,group 3,80,135.3193295
0/0/1/0,1104,848,53,0,lp,797,2653,0.005433301,group 3,80,135.3193295
0/0/1/0,1104,849,53,0,mp,705,2653,0.004806119,group 3,80,135.3193295
0/0/1/0,1104,850,53,0,up,698,2653,0.004758399,group 3,80,135.3193295
0/0/1/0,1104,851,53,0,tp,760,2653,0.005181065,group 3,80,135.3193295
0/0/1/0,1104,852,53,1,lp,781,2653,0.005324226,group 3,80,135.3193295
0/0/1/0,1104,853,53,1,mp,722,2653,0.004922011,group 3,80,135.3193295
0/0/1/0,1104,854,53,1,up,675,2653,0.004601603,group 3,80,135.3193295
0/0/1/0,1104,855,53,1,tp,790,2653,0.00538558,group 3,80,135.3193295
0/0/1/0,1104,856,53,2,lp,782,2653,0.005331043,group 3,80,135.3193295
0/0/1/0,1104,857,53,2,mp,757,2653,0.005160613,group 3,80,135.3193295
0/0/1/0,1104,858,53,2,up,695,2653,0.004737947,group 3,80,135.3193295
0/0/1/0,1104,859,53,2,tp,740,2653,0.005044721,group 3,80,135.3193295
0/0/1/0,1104,860,53,3,lp,741,2653,0.005051538,group 3,80,135.3193295
0/0/1/0,1104,861,53,3,mp,719,2653,0.00490156,group 3,80,135.3193295
0/0/1/0,1104,862,53,3,up,687,2653,0.00468341,group 3,80,135.3193295
0/0/1/0,1104,863,53,3,tp,786,2653,0.005358312,group 3,80,135.3193295
0/0/1/0,1104,864,54,0,lp,823,2653,0.005610548,group 3,80,135.3193295
0/0/1/0,1104,865,54,0,mp,816,2653,0.005562827,group 3,80,135.3193295
0/0/1/0,1104,866,54,0,up,735,2653,0.005010635,group 3,80,135.3193295
0/0/1/0,1104,867,54,0,tp,805,2653,0.005487838,group 3,80,135.3193295
0/0/1/0,1104,868,54,1,lp,909,2653,0.006196826,group 3,80,135.3193295
0/0/1/0,1104,869,54,1,mp,795,2653,0.005419666,group 3,80,135.3193295
0/0/1/0,1104,870,54,1,up,724,2653,0.004935646,group 3,80,135.3193295
0/0/1/0,1104,871,54,1,tp,778,2653,0.005303774,group 3,80,135.3193295
0/0/1/0,1104,872,54,2,lp,825,2653,0.005624182,group 3,80,135.3193295
0/0/1/0,1104,873,54,2,mp,775,2653,0.005283322,group 3,80,135.3193295
0/0/1/0,1104,874,54,2,up,697,2653,0.004751582,group 3,80,135.3193295
0/0/1/0,1104,875,54,2,tp,858,2653,0.005849149,group 3,80,135.3193295
0/0/1/0,1104,876,54,3,lp,829,2653,0.005651451,group 3,80,135.3193295
0/0/1/0,1104,877,54,3,mp,732,2653,0.004990183,group 3,80,135.3193295
0/0/1/0,1104,878,54,3,up,737,2653,0.005024269,group 3,80,135.3193295
0/0/1/0,1104,879,54,3,tp,783,2653,0.00533786,group 3,80,135.3193295
0/0/1/0,1104,880,55,0,lp,888,2653,0.006053665,group 3,80,135.3193295
0/0/1/0,1104,881,55,0,mp,785,2653,0.005351494,group 3,80,135.3193295
0/0/1/0,1104,882,55,0,up,729,2653,0.004969732,group 3,80,135.3193295
0/0/1/0,1104,883,55,0,tp,862,2653,0.005876418,group 3,80,135.3193295
0/0/1/0,1104,884,55,1,lp,925,2653,0.006305901,group 3,80,135.3193295
0/0/1/0,1104,885,55,1,mp,871,2653,0.005937773,group 3,80,135.3193295
0/0/1/0,1104,886,55,1,up,695,2653,0.004737947,group 3,80,135.3193295
0/0/1/0,1104,887,55,1,tp,779,2653,0.005310591,group 3,80,135.3193295
0/0/1/0,1104,888,55,2,lp,961,2653,0.00655132,group 3,80,135.3193295
0/0/1/0,1104,889,55,2,mp,825,2653,0.005624182,group 3,80,135.3193295
0/0/1/0,1104,890,55,2,up,800,2653,0.005453752,group 3,80,135.3193295
0/0/1/0,1104,891,55,2,tp,822,2653,0.00560373,group 3,80,135.3193295
0/0/1/0,1104,892,55,3,lp,914,2653,0.006230912,group 3,80,135.3193295
0/0/1/0,1104,893,55,3,mp,843,2653,0.005746891,group 3,80,135.3193295
0/0/1/0,1104,894,55,3,up,757,2653,0.005160613,group 3,80,135.3193295
0/0/1/0,1104,895,55,3,tp,869,2653,0.005924138,group 3,80,135.3193295
0/0/1/0,1104,896,56,0,lp,1009,2653,0.006878545,group 3,80,135.3193295
0/0/1/0,1104,897,56,0,mp,753,2653,0.005133344,group 3,80,135.3193295
0/0/1/0,1104,898,56,0,up,887,2653,0.006046848,group 3,80,135.3193295
0/0/1/0,1104,899,56,0,tp,826,2653,0.005630999,group 3,80,135.3193295
0/0/1/0,1104,900,56,1,lp,1032,2653,0.00703534,group 3,80,135.3193295
0/0/1/0,1104,901,56,1,mp,696,2653,0.004744764,group 3,80,135.3193295
0/0/1/0,1104,902,56,1,up,879,2653,0.00599231,group 3,80,135.3193295
0/0/1/0,1104,903,56,1,tp,780,2653,0.005317408,group 3,80,135.3193295
0/0/1/0,1104,904,56,2,lp,1054,2653,0.007185318,group 3,80,135.3193295
0/0/1/0,1104,905,56,2,mp,829,2653,0.005651451,group 3,80,135.3193295
0/0/1/0,1104,906,56,2,up,868,2653,0.005917321,group 3,80,135.3193295
0/0/1/0,1104,907,56,2,tp,757,2653,0.005160613,group 3,80,135.3193295
0/0/1/0,1104,908,56,3,lp,980,2653,0.006680846,group 3,80,135.3193295
0/0/1/0,1104,909,56,3,mp,772,2653,0.005262871,group 3,80,135.3193295
0/0/1/0,1104,910,56,3,up,823,2653,0.005610548,group 3,80,135.3193295
0/0/1/0,1104,911,56,3,tp,792,2653,0.005399215,group 3,80,135.3193295
0/0/1/0,1104,912,57,0,lp,1071,2653,0.007301211,group 3,80,135.3193295
0/0/1/0,1104,913,57,0,mp,837,2653,0.005705988,group 3,80,135.3193295
0/0/1/0,1104,914,57,0,up,1058,2653,0.007212587,group 3,80,135.3193295
0/0/1/0,1104,915,57,0,tp,763,2653,0.005201516,group 3,80,135.3193295
0/0/1/0,1104,916,57,1,lp,1022,2653,0.006967168,group 3,80,135.3193295
0/0/1/0,1104,917,57,1,mp,787,2653,0.005365129,group 3,80,135.3193295
0/0/1/0,1104,918,57,1,up,882,2653,0.006012762,group 3,80,135.3193295
0/0/1/0,1104,919,57,1,tp,798,2653,0.005440118,group 3,80,135.3193295
0/0/1/0,1104,920,57,2,lp,1146,2653,0.0078125,group 3,80,135.3193295
0/0/1/0,1104,921,57,2,mp,811,2653,0.005528741,group 3,80,135.3193295
0/0/1/0,1104,922,57,2,up,983,2653,0.006701298,group 3,80,135.3193295
0/0/1/0,1104,923,57,2,tp,734,2653,0.005003818,group 3,80,135.3193295
0/0/1/0,1104,924,57,3,lp,1133,2653,0.007723877,group 3,80,135.3193295
0/0/1/0,1104,925,57,3,mp,844,2653,0.005753709,group 3,80,135.3193295
0/0/1/0,1104,926,57,3,up,884,2653,0.006026396,group 3,80,135.3193295
0/0/1/0,1104,927,57,3,tp,726,2653,0.00494928,group 3,80,135.3193295
0/0/1/0,1104,928,58,0,lp,1278,2653,0.008712369,group 3,80,135.3193295
0/0/1/0,1104,929,58,0,mp,825,2653,0.005624182,group 3,80,135.3193295
0/0/1/0,1104,930,58,0,up,1110,2653,0.007567081,group 3,80,135.3193295
0/0/1/0,1104,931,58,0,tp,746,2653,0.005085624,group 3,80,135.3193295
0/0/1/0,1104,932,58,1,lp,1223,2653,0.008337424,group 3,80,135.3193295
0/0/1/0,1104,933,58,1,mp,760,2653,0.005181065,group 3,80,135.3193295
0/0/1/0,1104,934,58,1,up,986,2653,0.00672175,group 3,80,135.3193295
0/0/1/0,1104,935,58,1,tp,787,2653,0.005365129,group 3,80,135.3193295
0/0/1/0,1104,936,58,2,lp,1257,2653,0.008569208,group 3,80,135.3193295
0/0/1/0,1104,937,58,2,mp,853,2653,0.005815063,group 3,80,135.3193295
0/0/1/0,1104,938,58,2,up,994,2653,0.006776287,group 3,80,135.3193295
0/0/1/0,1104,939,58,2,tp,846,2653,0.005767343,group 3,80,135.3193295
0/0/1/0,1104,940,58,3,lp,1211,2653,0.008255617,group 3,80,135.3193295
0/0/1/0,1104,941,58,3,mp,846,2653,0.005767343,group 3,80,135.3193295
0/0/1/0,1104,942,58,3,up,953,2653,0.006496782,group 3,80,135.3193295
0/0/1/0,1104,943,58,3,tp,821,2653,0.005596913,group 3,80,135.3193295
0/0/1/0,1104,944,59,0,lp,1200,2653,0.008180628,group 3,80,135.3193295
0/0/1/0,1104,945,59,0,mp,827,2653,0.005637816,group 3,80,135.3193295
0/0/1/0,1104,946,59,0,up,926,2653,0.006312718,group 3,80,135.3193295
0/0/1/0,1104,947,59,0,tp,780,2653,0.005317408,group 3,80,135.3193295
0/0/1/0,1104,948,59,1,lp,1139,2653,0.00776478,group 3,80,135.3193295
0/0/1/0,1104,949,59,1,mp,736,2653,0.005017452,group 3,80,135.3193295
0/0/1/0,1104,950,59,1,up,935,2653,0.006374073,group 3,80,135.3193295
0/0/1/0,1104,951,59,1,tp,744,2653,0.00507199,group 3,80,135.3193295
0/0/1/0,1104,952,59,2,lp,1112,2653,0.007580716,group 3,80,135.3193295
0/0/1/0,1104,953,59,2,mp,783,2653,0.00533786,group 3,80,135.3193295
0/0/1/0,1104,954,59,2,up,940,2653,0.006408159,group 3,80,135.3193295
0/0/1/0,1104,955,59,2,tp,758,2653,0.00516743,group 3,80,135.3193295
0/0/1/0,1104,956,59,3,lp,1139,2653,0.00776478,group 3,80,135.3193295
0/0/1/0,1104,957,59,3,mp,845,2653,0.005760526,group 3,80,135.3193295
0/0/1/0,1104,958,59,3,up,927,2653,0.006319535,group 3,80,135.3193295
0/0/1/0,1104,959,59,3,tp,754,2653,0.005140161,group 3,80,135.3193295
0/0/1/0,1104,960,60,0,lp,1257,2653,0.008569208,group 3,80,135.3193295
0/0/1/0,1104,961,60,0,mp,839,2653,0.005719623,group 3,80,135.3193295
0/0/1/0,1104,962,60,0,up,1048,2653,0.007144415,group 3,80,135.3193295
0/0/1/0,1104,963,60,0,tp,843,2653,0.005746891,group 3,80,135.3193295
0/0/1/0,1104,964,60,1,lp,1213,2653,0.008269252,group 3,80,135.3193295
0/0/1/0,1104,965,60,1,mp,782,2653,0.005331043,group 3,80,135.3193295
0/0/1/0,1104,966,60,1,up,966,2653,0.006585406,group 3,80,135.3193295
0/0/1/0,1104,967,60,1,tp,835,2653,0.005692354,group 3,80,135.3193295
0/0/1/0,1104,968,60,2,lp,1200,2653,0.008180628,group 3,80,135.3193295
0/0/1/0,1104,969,60,2,mp,821,2653,0.005596913,group 3,80,135.3193295
0/0/1/0,1104,970,60,2,up,994,2653,0.006776287,group 3,80,135.3193295
0/0/1/0,1104,971,60,2,tp,875,2653,0.005965041,group 3,80,135.3193295
0/0/1/0,1104,972,60,3,lp,1183,2653,0.008064736,group 3,80,135.3193295
0/0/1/0,1104,973,60,3,mp,850,2653,0.005794612,group 3,80,135.3193295
0/0/1/0,1104,974,60,3,up,991,2653,0.006755836,group 3,80,135.3193295
0/0/1/0,1104,975,60,3,tp,894,2653,0.006094568,group 3,80,135.3193295
0/0/1/0,1104,976,61,0,lp,1497,2653,0.010205334,group 3,80,135.3193295
0/0/1/0,1104,977,61,0,mp,927,2653,0.006319535,group 3,80,135.3193295
0/0/1/0,1104,978,61,0,up,1149,2653,0.007832952,group 3,80,135.3193295
0/0/1/0,1104,979,61,0,tp,799,2653,0.005446935,group 3,80,135.3193295
0/0/1/0,1104,980,61,1,lp,1409,2653,0.009605421,group 3,80,135.3193295
0/0/1/0,1104,981,61,1,mp,928,2653,0.006326353,group 3,80,135.3193295
0/0/1/0,1104,982,61,1,up,1144,2653,0.007798866,group 3,80,135.3193295
0/0/1/0,1104,983,61,1,tp,798,2653,0.005440118,group 3,80,135.3193295
0/0/1/0,1104,984,61,2,lp,1443,2653,0.009837205,group 3,80,135.3193295
0/0/1/0,1104,985,61,2,mp,902,2653,0.006149106,group 3,80,135.3193295
0/0/1/0,1104,986,61,2,up,1076,2653,0.007335297,group 3,80,135.3193295
0/0/1/0,1104,987,61,2,tp,844,2653,0.005753709,group 3,80,135.3193295
0/0/1/0,1104,988,61,3,lp,1437,2653,0.009796302,group 3,80,135.3193295
0/0/1/0,1104,989,61,3,mp,893,2653,0.006087751,group 3,80,135.3193295
0/0/1/0,1104,990,61,3,up,1083,2653,0.007383017,group 3,80,135.3193295
0/0/1/0,1104,991,61,3,tp,779,2653,0.005310591,group 3,80,135.3193295
0/0/1/0,1104,992,62,0,lp,1990,2653,0.013566209,group 3,80,135.3193295
0/0/1/0,1104,993,62,0,mp,1148,2653,0.007826134,group 3,80,135.3193295
0/0/1/0,1104,994,62,0,up,1621,2653,0.011050665,group 3,80,135.3193295
0/0/1/0,1104,995,62,0,tp,823,2653,0.005610548,group 3,80,135.3193295
0/0/1/0,1104,996,62,1,lp,1859,2653,0.012673157,group 3,80,135.3193295
0/0/1/0,1104,997,62,1,mp,984,2653,0.006708115,group 3,80,135.3193295
0/0/1/0,1104,998,62,1,up,1464,2653,0.009980366,group 3,80,135.3193295
0/0/1/0,1104,999,62,1,tp,795,2653,0.005419666,group 3,80,135.3193295
0/0/1/0,1104,1000,62,2,lp,1922,2653,0.01310264,group 3,80,135.3193295
0/0/1/0,1104,1001,62,2,mp,1079,2653,0.007355748,group 3,80,135.3193295
0/0/1/0,1104,1002,62,2,up,1462,2653,0.009966732,group 3,80,135.3193295
0/0/1/0,1104,1003,62,2,tp,842,2653,0.005740074,group 3,80,135.3193295
0/0/1/0,1104,1004,62,3,lp,1852,2653,0.012625436,group 3,80,135.3193295
0/0/1/0,1104,1005,62,3,mp,1065,2653,0.007260308,group 3,80,135.3193295
0/0/1/0,1104,1006,62,3,up,1448,2653,0.009871291,group 3,80,135.3193295
0/0/1/0,1104,1007,62,3,tp,852,2653,0.005808246,group 3,80,135.3193295
0/0/1/0,1104,1008,63,0,lp,1799,2653,0.012264125,group 3,80,135.3193295
0/0/1/0,1104,1009,63,0,mp,918,2653,0.006258181,group 3,80,135.3193295
0/0/1/0,1104,1010,63,0,up,1353,2653,0.009223658,group 3,80,135.3193295
0/0/1/0,1104,1011,63,0,tp,648,2653,0.004417539,group 3,80,135.3193295
0/0/1/0,1104,1012,63,1,lp,1986,2653,0.01353894,group 3,80,135.3193295
0/0/1/0,1104,1013,63,1,mp,928,2653,0.006326353,group 3,80,135.3193295
0/0/1/0,1104,1014,63,1,up,1417,2653,0.009659959,group 3,80,135.3193295
0/0/1/0,1104,1015,63,1,tp,617,2653,0.004206206,group 3,80,135.3193295
0/0/1/0,1104,1016,63,2,lp,1737,2653,0.011841459,group 3,80,135.3193295
0/0/1/0,1104,1017,63,2,mp,885,2653,0.006033213,group 3,80,135.3193295
0/0/1/0,1104,1018,63,2,up,1393,2653,0.009496346,group 3,80,135.3193295
0/0/1/0,1104,1019,63,2,tp,673,2653,0.004587969,group 3,80,135.3193295
0/0/1/0,1104,1020,63,3,lp,2006,2653,0.013675284,group 3,80,135.3193295
0/0/1/0,1104,1021,63,3,mp,968,2653,0.00659904,group 3,80,135.3193295
0/0/1/0,1104,1022,63,3,up,1529,2653,0.010423484,group 3,80,135.3193295
0/0/1/0,1104,1023,63,3,tp,632,2653,0.004308464,group 3,80,135.3193295
